#
# A fatal error has been detected by the Java Runtime Environment:
#
#  EXCEPTION_UNCAUGHT_CXX_EXCEPTION (0xe06d7363) at pc=0x00007ffdb3084b59, pid=3020, tid=6568
#
# JRE version: Java(TM) SE Runtime Environment (9.0+11) (build 9.0.4+11)
# Java VM: Java HotSpot(TM) 64-Bit Server VM (9.0.4+11, mixed mode, tiered, compressed oops, g1 gc, windows-amd64)
# Problematic frame:
# C  [KERNELBASE.dll+0x34b59]
#
# No core dump will be written. Minidumps are not enabled by default on client versions of Windows
#
# If you would like to submit a bug report, please visit:
#   http://bugreport.java.com/bugreport/crash.jsp
# The crash happened outside the Java Virtual Machine in native code.
# See problematic frame for where to report the bug.
#

---------------  S U M M A R Y ------------

Command Line: -Dsun.java2d.pmoffscreen=false -Dsun.java2d.xrender=false -Dsun.java2d.d3d=false -Dsun.awt.nopixfmt=true -Dsun.java2d.dpiaware=true -Dsun.java2d.uiScale.enabled=false -Xverify:none -Dswing.aatext=true -XX:-UsePerfData -Djdk.map.althashing.threshold=512 -XX:StringTableSize=4072 --add-opens=java.base/java.nio=ALL-UNNAMED --add-opens=java.desktop/sun.swing=ALL-UNNAMED --add-opens=java.desktop/javax.swing=ALL-UNNAMED --add-opens=java.desktop/javax.swing.tree=ALL-UNNAMED --add-opens=java.desktop/javax.swing.plaf.basic=ALL-UNNAMED --add-opens=java.desktop/javax.swing.plaf.synth=ALL-UNNAMED --add-opens=java.desktop/com.sun.awt=ALL-UNNAMED -XX:NewSize=60m -XX:MaxNewSize=60m -Xms128m -Xmx3072m -Xss5m 

Host: Intel(R) Core(TM) i5-9500 CPU @ 3.00GHz, 6 cores, 7G,  Windows 10 , 64 bit Build 19041 (10.0.19041.928)
Time: Tue Apr 16 11:37:49 2024 ?D1¨²¡À¨º¡Á?¨º¡À?? elapsed time: 3870 seconds (0d 1h 4m 30s)

---------------  T H R E A D  ---------------

Current thread (0x00000270830cb000):  JavaThread "AWT-EventQueue-1" [_thread_in_native, id=6568, stack(0x000000c983200000,0x000000c983700000)]

Stack: [0x000000c983200000,0x000000c983700000],  sp=0x000000c9836f6cc0,  free space=5083k
Native frames: (J=compiled Java code, j=interpreted, Vv=VM code, C=native code)
C  [KERNELBASE.dll+0x34b59]
C  [VCRUNTIME140.dll+0x4462]
C  [librdi_common.dll+0x56d20b]
C  [MSVCP140.dll+0x18307]
C  [ucrtbase.dll+0x6c87c]
C  [librdi_common.dll+0x723ca7]
C  [librdi_common.dll+0x1293b9]
C  0x00007ffd50773e4d
C  0x00000270f3a18eba

Java frames: (J=compiled Java code, j=interpreted, Vv=VM code)
J 22235  ui.data.labtools.lthwdatai.HWDevice_getName(J)Ljava/lang/String; (0 bytes) @ 0x00000270f3a18e21 [0x00000270f3a18de0+0x0000000000000041]
J 16030 c1 ui.data.labtools.d.getName()Ljava/lang/String; (5 bytes) @ 0x00000270ec2fe674 [0x00000270ec2fe5c0+0x00000000000000b4]
j  ui.views.cx.fck()Ljava/lang/String;+11
j  ui.views.bA.fck()Ljava/lang/String;+33
j  ui.views.cx.bE(Lui/data/bp;)V+29
j  ui.views.cx.fed()V+41
j  ui.views.bA.fcp()V+1
j  ui.views.bA$$Lambda$268.run()V+4
J 16377 c2 java.awt.EventQueue$3.run()Ljava/lang/Object; java.desktop@9.0.4 (5 bytes) @ 0x00000270f3bd1e14 [0x00000270f3bd1600+0x0000000000000814]
v  ~StubRoutines::call_stub
J 3893  java.security.AccessController.doPrivileged(Ljava/security/PrivilegedAction;Ljava/security/AccessControlContext;)Ljava/lang/Object; java.base@9.0.4 (0 bytes) @ 0x00000270f2f78d46 [0x00000270f2f78ce0+0x0000000000000066]
J 20567 c2 java.awt.EventQueue.dispatchEvent(Ljava/awt/AWTEvent;)V java.desktop@9.0.4 (80 bytes) @ 0x00000270f37f6b98 [0x00000270f37f6640+0x0000000000000558]
J 29728 c2 java.awt.EventDispatchThread.pumpOneEventForFilters(I)V java.desktop@9.0.4 (218 bytes) @ 0x00000270f3bdd4f8 [0x00000270f3bdd100+0x00000000000003f8]
J 23844 c2 java.awt.EventDispatchThread.pumpEventsForFilter(ILjava/awt/Conditional;Ljava/awt/EventFilter;)V java.desktop@9.0.4 (47 bytes) @ 0x00000270f4302248 [0x00000270f4302060+0x00000000000001e8]
j  java.awt.EventDispatchThread.pumpEventsForFilter(Ljava/awt/Conditional;Ljava/awt/EventFilter;)V+4 java.desktop@9.0.4
j  java.awt.WaitDispatchSupport$2.run()V+59 java.desktop@9.0.4
j  java.awt.WaitDispatchSupport$4.run()Ljava/lang/Void;+4 java.desktop@9.0.4
j  java.awt.WaitDispatchSupport$4.run()Ljava/lang/Object;+1 java.desktop@9.0.4
v  ~StubRoutines::call_stub
J 942  java.security.AccessController.doPrivileged(Ljava/security/PrivilegedAction;)Ljava/lang/Object; java.base@9.0.4 (0 bytes) @ 0x00000270f2dfb5b2 [0x00000270f2dfb560+0x0000000000000052]
j  java.awt.WaitDispatchSupport.enter()Z+260 java.desktop@9.0.4
j  java.awt.Dialog.show()V+225 java.desktop@9.0.4
J 30418 c1 ui.b.c.g.setVisible(Z)V (15 bytes) @ 0x00000270ed033d4c [0x00000270ed033aa0+0x00000000000002ac]
j  ui.b.c.bx.showDialog()V+64
j  ui.b.c.bE.actionPerformed(Ljava/awt/event/ActionEvent;)V+8
j  ui.b.c.bx.cHE()V+396
j  ui.views.c.s.b.f.run()V+4
j  ui.views.S.X.a(Ljava/lang/String;ZLjava/lang/Runnable;Ljava/lang/Runnable;)Z+252
j  ui.views.S.X.a(Ljava/lang/String;Ljava/lang/Runnable;Ljava/lang/Runnable;)Z+5
j  ui.views.S.X.b(Ljava/lang/String;Ljava/lang/Runnable;)Z+4
j  ui.views.c.s.b.d.b(Lui/data/design/B;Ljava/lang/String;Ljava/lang/String;)V+493
j  ui.views.c.s.b.d.C(Lui/data/design/B;)V+6
j  ui.views.c.s.b.d.D(Lui/data/design/B;)V+134
j  ui.views.c.s.b.d.run()V+262
j  ui.frmwork.a.dTt()Z+66
j  ui.utils.aM.actionPerformed(Ljava/awt/event/ActionEvent;)V+4
j  javax.swing.AbstractButton.fireActionPerformed(Ljava/awt/event/ActionEvent;)V+84 java.desktop@9.0.4
j  javax.swing.AbstractButton$Handler.actionPerformed(Ljava/awt/event/ActionEvent;)V+5 java.desktop@9.0.4
j  javax.swing.DefaultButtonModel.fireActionPerformed(Ljava/awt/event/ActionEvent;)V+34 java.desktop@9.0.4
J 27773 c1 javax.swing.DefaultButtonModel.setPressed(Z)V java.desktop@9.0.4 (125 bytes) @ 0x00000270ee0e76c4 [0x00000270ee0e6800+0x0000000000000ec4]
j  javax.swing.AbstractButton.doClick(I)V+60 java.desktop@9.0.4
j  javax.swing.plaf.basic.BasicMenuItemUI.doClick(Ljavax/swing/MenuSelectionManager;)V+47 java.desktop@9.0.4
j  javax.swing.plaf.basic.BasicMenuItemUI$Handler.mouseReleased(Ljava/awt/event/MouseEvent;)V+76 java.desktop@9.0.4
J 20512 c1 java.awt.AWTEventMulticaster.mouseReleased(Ljava/awt/event/MouseEvent;)V java.desktop@9.0.4 (27 bytes) @ 0x00000270ec71bc0c [0x00000270ec71ba00+0x000000000000020c]
J 27798 c2 javax.swing.JComponent.processMouseEvent(Ljava/awt/event/MouseEvent;)V java.desktop@9.0.4 (27 bytes) @ 0x00000270f446ea90 [0x00000270f446e8a0+0x00000000000001f0]
J 25694 c2 java.awt.Container.processEvent(Ljava/awt/AWTEvent;)V java.desktop@9.0.4 (22 bytes) @ 0x00000270f4550bb8 [0x00000270f4550aa0+0x0000000000000118]
J 28378 c2 java.awt.Component.dispatchEventImpl(Ljava/awt/AWTEvent;)V java.desktop@9.0.4 (739 bytes) @ 0x00000270f48da33c [0x00000270f48d9900+0x0000000000000a3c]
J 28193 c2 java.awt.Container.dispatchEventImpl(Ljava/awt/AWTEvent;)V java.desktop@9.0.4 (129 bytes) @ 0x00000270f47f6778 [0x00000270f47f6720+0x0000000000000058]
J 14698 c2 java.awt.LightweightDispatcher.retargetMouseEvent(Ljava/awt/Component;ILjava/awt/event/MouseEvent;)V java.desktop@9.0.4 (350 bytes) @ 0x00000270f3988840 [0x00000270f39882e0+0x0000000000000560]
J 19619 c2 java.awt.LightweightDispatcher.processMouseEvent(Ljava/awt/event/MouseEvent;)Z java.desktop@9.0.4 (265 bytes) @ 0x00000270f3f9546c [0x00000270f3f94da0+0x00000000000006cc]
J 28193 c2 java.awt.Container.dispatchEventImpl(Ljava/awt/AWTEvent;)V java.desktop@9.0.4 (129 bytes) @ 0x00000270f47f6a74 [0x00000270f47f6720+0x0000000000000354]
J 19279 c2 java.awt.Window.dispatchEventImpl(Ljava/awt/AWTEvent;)V java.desktop@9.0.4 (23 bytes) @ 0x00000270f3f1290c [0x00000270f3f128c0+0x000000000000004c]
J 16377 c2 java.awt.EventQueue$3.run()Ljava/lang/Object; java.desktop@9.0.4 (5 bytes) @ 0x00000270f3bd1bfc [0x00000270f3bd1600+0x00000000000005fc]
v  ~StubRoutines::call_stub
J 3893  java.security.AccessController.doPrivileged(Ljava/security/PrivilegedAction;Ljava/security/AccessControlContext;)Ljava/lang/Object; java.base@9.0.4 (0 bytes) @ 0x00000270f2f78d46 [0x00000270f2f78ce0+0x0000000000000066]
J 18305 c2 java.awt.EventQueue$4.run()Ljava/lang/Object; java.desktop@9.0.4 (5 bytes) @ 0x00000270f3eb2440 [0x00000270f3eb21e0+0x0000000000000260]
v  ~StubRoutines::call_stub
J 3893  java.security.AccessController.doPrivileged(Ljava/security/PrivilegedAction;Ljava/security/AccessControlContext;)Ljava/lang/Object; java.base@9.0.4 (0 bytes) @ 0x00000270f2f78d46 [0x00000270f2f78ce0+0x0000000000000066]
J 20567 c2 java.awt.EventQueue.dispatchEvent(Ljava/awt/AWTEvent;)V java.desktop@9.0.4 (80 bytes) @ 0x00000270f37f69c0 [0x00000270f37f6640+0x0000000000000380]
J 29728 c2 java.awt.EventDispatchThread.pumpOneEventForFilters(I)V java.desktop@9.0.4 (218 bytes) @ 0x00000270f3bdd4f8 [0x00000270f3bdd100+0x00000000000003f8]
J 23718% c2 java.awt.EventDispatchThread.pumpEventsForFilter(ILjava/awt/Conditional;Ljava/awt/EventFilter;)V java.desktop@9.0.4 (47 bytes) @ 0x00000270f32bc178 [0x00000270f32bc060+0x0000000000000118]
j  java.awt.EventDispatchThread.pumpEventsForHierarchy(ILjava/awt/Conditional;Ljava/awt/Component;)V+11 java.desktop@9.0.4
j  java.awt.EventDispatchThread.pumpEvents(ILjava/awt/Conditional;)V+4 java.desktop@9.0.4
j  java.awt.EventDispatchThread.pumpEvents(Ljava/awt/Conditional;)V+3 java.desktop@9.0.4
j  java.awt.EventDispatchThread.run()V+9 java.desktop@9.0.4
v  ~StubRoutines::call_stub

siginfo: EXCEPTION_UNCAUGHT_CXX_EXCEPTION (0xe06d7363), ExceptionInformation=0x0000000019930520 0x000000c9836f6e40 0x00007ffd8053e2b8 0x00007ffd7fa00000 


Register to memory mapping:

RIP=0x00007ffdb3084b59 KERNELBASE.dll
RAX=0x00000270f2e416d4 is at entry_point+340 in (nmethod*)0x00000270f2e41390
RBX=0x00007ffd7ff6d1c0 librdi_common.dll
RCX=0x00000000e0b4b95e is an unknown value
RDX=0x00000270f2e416d4 is at entry_point+340 in (nmethod*)0x00000270f2e41390
RSP=0x000000c9836f6cc0 is pointing into the stack for thread: 0x00000270830cb000
RBP=0x000000c9836f6e00 is pointing into the stack for thread: 0x00000270830cb000
RSI=0x00007ffd8053e2b8 librdi_common.dll
RDI=0x0000000300000035 is an unknown value
R8 =0x0000000708ddb340 is an oop
java.awt.Toolkit$ToolkitEventMulticaster 
{0x0000000708ddb340} - klass: 'java/awt/Toolkit$ToolkitEventMulticaster'
R9 =0x00000000e0a817ca is an unknown value
R10=0x00000270f2e416d4 is at entry_point+340 in (nmethod*)0x00000270f2e41390
R11=0x00000000e0b4bf6d is an unknown value
R12=0x0000000000000000 is an unknown value
R13=0x000000c9836f7330 is pointing into the stack for thread: 0x00000270830cb000
R14=0x000000c9836f6e40 is pointing into the stack for thread: 0x00000270830cb000
R15=0x00000270e1027610 is an unknown value


Registers:
RAX=0x00000270f2e416d4, RBX=0x00007ffd7ff6d1c0, RCX=0x00000000e0b4b95e, RDX=0x00000270f2e416d4
RSP=0x000000c9836f6cc0, RBP=0x000000c9836f6e00, RSI=0x00007ffd8053e2b8, RDI=0x0000000300000035
R8 =0x0000000708ddb340, R9 =0x00000000e0a817ca, R10=0x00000270f2e416d4, R11=0x00000000e0b4bf6d
R12=0x0000000000000000, R13=0x000000c9836f7330, R14=0x000000c9836f6e40, R15=0x00000270e1027610
RIP=0x00007ffdb3084b59, EFLAGS=0x0000000000000206

Top of Stack: (sp=0x000000c9836f6cc0)
0x000000c9836f6cc0:   00000270e1027610 00007ffd7ff6d1c0
0x000000c9836f6cd0:   00007ffd8053e2b8 0000000000000000
0x000000c9836f6ce0:   00000001e06d7363 0000000000000000
0x000000c9836f6cf0:   00007ffdb3084b59 0000027000000004
0x000000c9836f6d00:   0000000019930520 000000c9836f6e40
0x000000c9836f6d10:   00007ffd8053e2b8 00007ffd7fa00000
0x000000c9836f6d20:   000000c9836f7330 0000000000000000
0x000000c9836f6d30:   00007ffd8053e2b8 000000c9836f6e00
0x000000c9836f6d40:   000000c9836f6e20 00007ffdb5704a5f
0x000000c9836f6d50:   0000000300000035 0000000000000000
0x000000c9836f6d60:   0000000600000080 000000060000006a
0x000000c9836f6d70:   00007ffd80806000 00007ffd7fa00000
0x000000c9836f6d80:   000056be5ebc551f 000000c9836f71f0
0x000000c9836f6d90:   00007ffd7ff6d1c0 00007ffd8d044462
0x000000c9836f6da0:   00000270dbb8e040 00007ffdb56f47b1
0x000000c9836f6db0:   0000000000000000 00000270d7a40000 

Instructions: (pc=0x00007ffdb3084b59)
0x00007ffdb3084b39:   8b d1 44 0f 47 c0 44 89 44 24 38 49 c1 e0 03 e8
0x00007ffdb3084b49:   9a d1 05 00 48 8d 4c 24 20 48 ff 15 af 9f 18 00
0x00007ffdb3084b59:   0f 1f 44 00 00 48 8b 8c 24 c0 00 00 00 48 33 cc
0x00007ffdb3084b69:   e8 72 95 05 00 48 81 c4 d8 00 00 00 c3 cc 83 64 



---------------  P R O C E S S  ---------------

Java Threads: ( => current thread )
  0x000002712f69b000 JavaThread "Run Simulation" [_thread_blocked, id=3940, stack(0x000000c987f00000,0x000000c988400000)]
  0x000002712f698000 JavaThread "Thread-3095" [_thread_in_native, id=9548, stack(0x000000c987f00000,0x000000c988000000)]
  0x000002712f69e000 JavaThread "Thread-3076" [_thread_in_native, id=2312, stack(0x000000c988900000,0x000000c988a00000)]
  0x00000270cc815000 JavaThread "Thread-1332" [_thread_in_native, id=148, stack(0x000000c984200000,0x000000c984300000)]
  0x00000270cc813800 JavaThread "Thread-1325" [_thread_in_native, id=10072, stack(0x000000c984200000,0x000000c984300000)]
  0x00000270cc818800 JavaThread "Thread-1286" [_thread_in_native, id=4956, stack(0x000000c984100000,0x000000c984200000)]
  0x00000270cc819800 JavaThread "Thread-1212" [_thread_in_native, id=3624, stack(0x000000c983b00000,0x000000c983c00000)]
  0x000002708aa52800 JavaThread "Thread-1201" [_thread_in_native, id=10100, stack(0x000000c983b00000,0x000000c983c00000)]
  0x00000270842aa800 JavaThread "Thread-1182" [_thread_in_native, id=280, stack(0x000000c983b00000,0x000000c983c00000)]
  0x000002708aa49800 JavaThread "Thread-779" [_thread_in_native, id=8636, stack(0x000000c984200000,0x000000c984300000)]
  0x00000270842a8800 JavaThread "Thread-762" [_thread_in_native, id=8124, stack(0x000000c984200000,0x000000c984300000)]
  0x000002708aa51800 JavaThread "Thread-744" [_thread_in_native, id=7400, stack(0x000000c984200000,0x000000c984300000)]
  0x000002708aa4b000 JavaThread "Thread-660" [_thread_in_native, id=7640, stack(0x000000c984200000,0x000000c984300000)]
  0x000002708aa4e000 JavaThread "Thread-612" [_thread_in_native, id=2092, stack(0x000000c984200000,0x000000c984300000)]
  0x000002708aa4c800 JavaThread "Thread-570" [_thread_in_native, id=6284, stack(0x000000c984200000,0x000000c984300000)]
  0x000002708aa48000 JavaThread "SyntheticaAnimation 50" daemon [_thread_blocked, id=1328, stack(0x000000c986c00000,0x000000c987100000)]
  0x000002708aa4e800 JavaThread "Image Animator 3" daemon [_thread_blocked, id=7420, stack(0x000000c988400000,0x000000c988900000)]
  0x000002708aa46800 JavaThread "Thread-543" [_thread_in_native, id=6316, stack(0x000000c982300000,0x000000c982400000)]
  0x000002708aa4d000 JavaThread "Thread-509" [_thread_in_native, id=2344, stack(0x000000c984200000,0x000000c984300000)]
  0x000002708aa45800 JavaThread "Thread-372" [_thread_in_native, id=6188, stack(0x000000c984100000,0x000000c984200000)]
  0x000002708aa4b800 JavaThread "Thread-314" [_thread_in_native, id=128, stack(0x000000c983a00000,0x000000c983b00000)]
  0x000002708aa4a000 JavaThread "Thread-80" [_thread_in_native, id=8760, stack(0x000000c987900000,0x000000c987a00000)]
  0x000002708aa44000 JavaThread "SyntheticaAnimation 50" daemon [_thread_blocked, id=4188, stack(0x000000c985300000,0x000000c985800000)]
  0x000002708aa45000 JavaThread "hw_ila_monitor" [_thread_blocked, id=7648, stack(0x000000c986700000,0x000000c986c00000)]
  0x00000270842ab800 JavaThread "Update Runs Swing Worker" [_thread_blocked, id=5516, stack(0x000000c986200000,0x000000c986700000)]
  0x00000270842aa000 JavaThread "Refresh Filesets Swing Worker" [_thread_blocked, id=1296, stack(0x000000c985d00000,0x000000c986200000)]
  0x00000270842a7000 JavaThread "SyntheticaAnimation 70" daemon [_thread_blocked, id=10124, stack(0x000000c985800000,0x000000c985d00000)]
  0x00000270842a7800 JavaThread "SyntheticaAnimation 25" daemon [_thread_blocked, id=9336, stack(0x000000c984e00000,0x000000c985300000)]
  0x00000270842a9000 JavaThread "SyntheticaAnimation 50" daemon [_thread_blocked, id=9300, stack(0x000000c984900000,0x000000c984e00000)]
  0x00000270842ad000 JavaThread "Monitor HEventQueue" [_thread_blocked, id=4120, stack(0x000000c984400000,0x000000c984900000)]
  0x00000270842a6000 JavaThread "Batik CleanerThread" daemon [_thread_blocked, id=1448, stack(0x000000c983c00000,0x000000c984100000)]
  0x00000270842ac000 JavaThread "SyntheticaCleanerThread" daemon [_thread_blocked, id=2144, stack(0x000000c982800000,0x000000c982d00000)]
=>0x00000270830cb000 JavaThread "AWT-EventQueue-1" [_thread_in_native, id=6568, stack(0x000000c983200000,0x000000c983700000)]
  0x00000270831a5800 JavaThread "Process Messages" [_thread_blocked, id=6776, stack(0x000000c982d00000,0x000000c983200000)]
  0x0000027083151800 JavaThread "Thread-1" [_thread_in_native, id=9504, stack(0x000000c9fbe00000,0x000000c9fd200000)]
  0x0000027083f29800 JavaThread "TimerQueue" daemon [_thread_blocked, id=8800, stack(0x000000c981e00000,0x000000c982300000)]
  0x00000270830b2000 JavaThread "AWT-Windows" daemon [_thread_in_native, id=4036, stack(0x000000c981900000,0x000000c981e00000)]
  0x00000270e08cf000 JavaThread "AWT-Shutdown" [_thread_blocked, id=648, stack(0x000000c981400000,0x000000c981900000)]
  0x000002708309f000 JavaThread "Java2D Disposer" daemon [_thread_blocked, id=6336, stack(0x000000c980f00000,0x000000c981400000)]
  0x00000270e196e000 JavaThread "Service Thread" daemon [_thread_blocked, id=5252, stack(0x000000c980a00000,0x000000c980f00000)]
  0x00000270e1957000 JavaThread "Common-Cleaner" daemon [_thread_blocked, id=4608, stack(0x000000c980500000,0x000000c980a00000)]
  0x00000270e39ee800 JavaThread "Sweeper thread" daemon [_thread_blocked, id=2024, stack(0x000000c980000000,0x000000c980500000)]
  0x00000270d7b2b000 JavaThread "C1 CompilerThread2" daemon [_thread_blocked, id=5852, stack(0x000000c9ffc00000,0x000000c9ffd00000)]
  0x00000270e0b6a800 JavaThread "C2 CompilerThread1" daemon [_thread_blocked, id=2732, stack(0x000000c9ffb00000,0x000000c9ffc00000)]
  0x00000270ddb2e000 JavaThread "C2 CompilerThread0" daemon [_thread_blocked, id=10000, stack(0x000000c9ffa00000,0x000000c9ffb00000)]
  0x00000270ddb2d800 JavaThread "Attach Listener" daemon [_thread_blocked, id=3944, stack(0x000000c9ff500000,0x000000c9ffa00000)]
  0x00000270da507800 JavaThread "Signal Dispatcher" daemon [_thread_blocked, id=8696, stack(0x000000c9ff000000,0x000000c9ff500000)]
  0x00000270e0f99000 JavaThread "Finalizer" daemon [_thread_blocked, id=2736, stack(0x000000c9feb00000,0x000000c9ff000000)]
  0x00000270e0f98800 JavaThread "Reference Handler" daemon [_thread_blocked, id=652, stack(0x000000c9fe600000,0x000000c9feb00000)]
  0x00000270e3d57000 JavaThread "main" [_thread_blocked, id=10200, stack(0x000000c9fbd00000,0x000000c9fbe00000)]

Other Threads:
  0x00000270dd5ac800 VMThread "VM Thread" [stack: 0x000000c9fe500000,0x000000c9fe600000] [id=2104]
  0x00000270e03fc000 WatcherThread [stack: 0x000000c9ffd00000,0x000000c9ffe00000] [id=6292]
  0x00000270e3f00800 GCTaskThread "GC Thread#0" [stack: 0x000000c9fd500000,0x000000c9fd600000] [id=368]
  0x00000270ddae2800 GCTaskThread "GC Thread#1" [stack: 0x000000c9fd600000,0x000000c9fd700000] [id=504]
  0x00000270dd93e800 GCTaskThread "GC Thread#2" [stack: 0x000000c9fd700000,0x000000c9fd800000] [id=5884]
  0x00000270e3ce3000 GCTaskThread "GC Thread#3" [stack: 0x000000c9fd800000,0x000000c9fd900000] [id=5424]
  0x00000270e13fa000 GCTaskThread "GC Thread#4" [stack: 0x000000c9fd900000,0x000000c9fda00000] [id=5588]
  0x00000270e13f8800 GCTaskThread "GC Thread#5" [stack: 0x000000c9fda00000,0x000000c9fdb00000] [id=760]
  0x00000270e1961800 ConcurrentGCThread "G1 Main Marker" [stack: 0x000000c9fe200000,0x000000c9fe300000] [id=1612]
  0x00000270e13fb000 ConcurrentGCThread "G1 Marker#0" [stack: 0x000000c9fe300000,0x000000c9fe400000] [id=2300]
  0x00000270e13f9000 ConcurrentGCThread "G1 Marker#1" [stack: 0x000000c9fe400000,0x000000c9fe500000] [id=5824]
  0x00000270dda6d800 ConcurrentGCThread "G1 Refine#0" [stack: 0x000000c9fe000000,0x000000c9fe100000] [id=5172]
  0x00000270e0c0b000 ConcurrentGCThread "G1 Refine#1" [stack: 0x000000c9fdf00000,0x000000c9fe000000] [id=3832]
  0x00000270e413b000 ConcurrentGCThread "G1 Refine#2" [stack: 0x000000c9fde00000,0x000000c9fdf00000] [id=3056]
  0x00000270e0cfc000 ConcurrentGCThread "G1 Refine#3" [stack: 0x000000c9fdd00000,0x000000c9fde00000] [id=8612]
  0x00000270e0cfb800 ConcurrentGCThread "G1 Refine#4" [stack: 0x000000c9fdc00000,0x000000c9fdd00000] [id=4688]
  0x00000270dd887000 ConcurrentGCThread "G1 Refine#5" [stack: 0x000000c9fdb00000,0x000000c9fdc00000] [id=2724]
  0x00000270dda6e000 ConcurrentGCThread "G1 Young RemSet Sampling" [stack: 0x000000c9fe100000,0x000000c9fe200000] [id=5404]

Threads with active compile tasks:

VM state:not at safepoint (normal execution)

VM Mutex/Monitor currently owned by a thread: None

Heap address: 0x0000000700000000, size: 3072 MB, Compressed Oops mode: Zero based, Oop shift amount: 3
Narrow klass base: 0x0000000000000000, Narrow klass shift: 3
Compressed class space size: 1073741824 Address: 0x00000007c0000000

Heap:
 garbage-first heap   total 713728K, used 210868K [0x0000000700000000, 0x00000007001015c8, 0x00000007c0000000)
  region size 1024K, 28 young (28672K), 5 survivors (5120K)
 Metaspace       used 103934K, capacity 111516K, committed 111740K, reserved 1144832K
  class space    used 14926K, capacity 16228K, committed 16252K, reserved 1048576K
Heap Regions: E=young(eden), S=young(survivor), O=old, HS=humongous(starts), HC=humongous(continues), CS=collection set, F=free, A=archive, TS=gc time stamp, AC=allocation context, TAMS=top-at-mark-start (previous, next)
|   0|0x0000000700000000, 0x00000007000fffd8, 0x0000000700100000| 99%| O|  |TS  0|AC  0|TAMS 0x0000000700000000, 0x0000000700000000|
|   1|0x0000000700100000, 0x0000000700200000, 0x0000000700200000|100%|HS|  |TS  0|AC  0|TAMS 0x0000000700100000, 0x0000000700100000|
|   2|0x0000000700200000, 0x0000000700300000, 0x0000000700300000|100%|HC|  |TS  0|AC  0|TAMS 0x0000000700200000, 0x0000000700200000|
|   3|0x0000000700300000, 0x0000000700400000, 0x0000000700400000|100%|HS|  |TS  0|AC  0|TAMS 0x0000000700300000, 0x0000000700300000|
|   4|0x0000000700400000, 0x0000000700500000, 0x0000000700500000|100%| O|  |TS  0|AC  0|TAMS 0x0000000700400000, 0x0000000700400000|
|   5|0x0000000700500000, 0x0000000700600000, 0x0000000700600000|100%| O|  |TS  0|AC  0|TAMS 0x0000000700500000, 0x0000000700500000|
|   6|0x0000000700600000, 0x00000007006f88d8, 0x0000000700700000| 97%| O|  |TS  0|AC  0|TAMS 0x0000000700600000, 0x0000000700600000|
|   7|0x0000000700700000, 0x00000007007ffff0, 0x0000000700800000| 99%| O|  |TS  0|AC  0|TAMS 0x0000000700700000, 0x0000000700700000|
|   8|0x0000000700800000, 0x00000007008f10a0, 0x0000000700900000| 94%| O|  |TS  0|AC  0|TAMS 0x0000000700800000, 0x0000000700800000|
|   9|0x0000000700900000, 0x00000007009ffff0, 0x0000000700a00000| 99%| O|  |TS  0|AC  0|TAMS 0x0000000700900000, 0x0000000700900000|
|  10|0x0000000700a00000, 0x0000000700afff80, 0x0000000700b00000| 99%| O|  |TS  0|AC  0|TAMS 0x0000000700a00000, 0x0000000700a00000|
|  11|0x0000000700b00000, 0x0000000700bd49f8, 0x0000000700c00000| 83%| O|  |TS  0|AC  0|TAMS 0x0000000700b00000, 0x0000000700b00000|
|  12|0x0000000700c00000, 0x0000000700cf1628, 0x0000000700d00000| 94%| O|  |TS  0|AC  0|TAMS 0x0000000700c00000, 0x0000000700c00000|
|  13|0x0000000700d00000, 0x0000000700dffff8, 0x0000000700e00000| 99%| O|  |TS  0|AC  0|TAMS 0x0000000700d00000, 0x0000000700d00000|
|  14|0x0000000700e00000, 0x0000000700e919b0, 0x0000000700f00000| 56%| O|  |TS  0|AC  0|TAMS 0x0000000700e00000, 0x0000000700e00000|
|  15|0x0000000700f00000, 0x0000000701000000, 0x0000000701000000|100%| O|  |TS  0|AC  0|TAMS 0x0000000700f00000, 0x0000000700f00000|
|  16|0x0000000701000000, 0x00000007010fffa8, 0x0000000701100000| 99%| O|  |TS  0|AC  0|TAMS 0x0000000701000000, 0x0000000701000000|
|  17|0x0000000701100000, 0x00000007011ffff0, 0x0000000701200000| 99%| O|  |TS  0|AC  0|TAMS 0x0000000701100000, 0x0000000701100000|
|  18|0x0000000701200000, 0x00000007012fffd0, 0x0000000701300000| 99%| O|  |TS  0|AC  0|TAMS 0x0000000701200000, 0x0000000701200000|
|  19|0x0000000701300000, 0x00000007013fffd0, 0x0000000701400000| 99%| O|  |TS  0|AC  0|TAMS 0x0000000701300000, 0x0000000701300000|
|  20|0x0000000701400000, 0x0000000701500000, 0x0000000701500000|100%| O|  |TS  0|AC  0|TAMS 0x0000000701400000, 0x0000000701400000|
|  21|0x0000000701500000, 0x00000007015fffe8, 0x0000000701600000| 99%| O|  |TS  0|AC  0|TAMS 0x0000000701500000, 0x0000000701500000|
|  22|0x0000000701600000, 0x0000000701700000, 0x0000000701700000|100%| O|  |TS  0|AC  0|TAMS 0x0000000701600000, 0x0000000701600000|
|  23|0x0000000701700000, 0x00000007017ffff0, 0x0000000701800000| 99%| O|  |TS  0|AC  0|TAMS 0x0000000701700000, 0x0000000701700000|
|  24|0x0000000701800000, 0x00000007018fffe0, 0x0000000701900000| 99%| O|  |TS  0|AC  0|TAMS 0x0000000701800000, 0x0000000701800000|
|  25|0x0000000701900000, 0x00000007019ffff8, 0x0000000701a00000| 99%| O|  |TS  0|AC  0|TAMS 0x0000000701900000, 0x0000000701900000|
|  26|0x0000000701a00000, 0x0000000701afffe0, 0x0000000701b00000| 99%| O|  |TS  0|AC  0|TAMS 0x0000000701a00000, 0x0000000701a00000|
|  27|0x0000000701b00000, 0x0000000701bffff0, 0x0000000701c00000| 99%| O|  |TS  0|AC  0|TAMS 0x0000000701b00000, 0x0000000701b00000|
|  28|0x0000000701c00000, 0x0000000701d00000, 0x0000000701d00000|100%| O|  |TS  0|AC  0|TAMS 0x0000000701c00000, 0x0000000701c00000|
|  29|0x0000000701d00000, 0x0000000701e00000, 0x0000000701e00000|100%| O|  |TS  0|AC  0|TAMS 0x0000000701d00000, 0x0000000701d00000|
|  30|0x0000000701e00000, 0x0000000701efffc0, 0x0000000701f00000| 99%| O|  |TS  0|AC  0|TAMS 0x0000000701e00000, 0x0000000701e00000|
|  31|0x0000000701f00000, 0x0000000702000000, 0x0000000702000000|100%| O|  |TS  0|AC  0|TAMS 0x0000000701f00000, 0x0000000701f00000|
|  32|0x0000000702000000, 0x00000007020fffe8, 0x0000000702100000| 99%| O|  |TS  0|AC  0|TAMS 0x0000000702000000, 0x0000000702000000|
|  33|0x0000000702100000, 0x00000007021ffff8, 0x0000000702200000| 99%| O|  |TS  0|AC  0|TAMS 0x0000000702100000, 0x0000000702100000|
|  34|0x0000000702200000, 0x00000007022ffff0, 0x0000000702300000| 99%| O|  |TS  0|AC  0|TAMS 0x0000000702200000, 0x0000000702200000|
|  35|0x0000000702300000, 0x00000007023ffff0, 0x0000000702400000| 99%| O|  |TS  0|AC  0|TAMS 0x0000000702300000, 0x0000000702300000|
|  36|0x0000000702400000, 0x00000007024e17e8, 0x0000000702500000| 88%| O|  |TS  0|AC  0|TAMS 0x0000000702400000, 0x0000000702400000|
|  37|0x0000000702500000, 0x0000000702600000, 0x0000000702600000|100%| O|  |TS  0|AC  0|TAMS 0x0000000702500000, 0x0000000702500000|
|  38|0x0000000702600000, 0x00000007026ffe88, 0x0000000702700000| 99%| O|  |TS  0|AC  0|TAMS 0x0000000702600000, 0x0000000702600000|
|  39|0x0000000702700000, 0x00000007027ffff0, 0x0000000702800000| 99%| O|  |TS  0|AC  0|TAMS 0x0000000702700000, 0x0000000702700000|
|  40|0x0000000702800000, 0x0000000702900000, 0x0000000702900000|100%|HS|  |TS  0|AC  0|TAMS 0x0000000702800000, 0x0000000702800000|
|  41|0x0000000702900000, 0x0000000702a00000, 0x0000000702a00000|100%|HC|  |TS  0|AC  0|TAMS 0x0000000702900000, 0x0000000702900000|
|  42|0x0000000702a00000, 0x0000000702b00000, 0x0000000702b00000|100%|HC|  |TS  0|AC  0|TAMS 0x0000000702a00000, 0x0000000702a00000|
|  43|0x0000000702b00000, 0x0000000702c00000, 0x0000000702c00000|100%|HC|  |TS  0|AC  0|TAMS 0x0000000702b00000, 0x0000000702b00000|
|  44|0x0000000702c00000, 0x0000000702d00000, 0x0000000702d00000|100%|HC|  |TS  0|AC  0|TAMS 0x0000000702c00000, 0x0000000702c00000|
|  45|0x0000000702d00000, 0x0000000702e00000, 0x0000000702e00000|100%|HC|  |TS  0|AC  0|TAMS 0x0000000702d00000, 0x0000000702d00000|
|  46|0x0000000702e00000, 0x0000000702f00000, 0x0000000702f00000|100%|HC|  |TS  0|AC  0|TAMS 0x0000000702e00000, 0x0000000702e00000|
|  47|0x0000000702f00000, 0x0000000703000000, 0x0000000703000000|100%|HC|  |TS  0|AC  0|TAMS 0x0000000702f00000, 0x0000000702f00000|
|  48|0x0000000703000000, 0x00000007030ffff8, 0x0000000703100000| 99%| O|  |TS  0|AC  0|TAMS 0x0000000703000000, 0x0000000703000000|
|  49|0x0000000703100000, 0x00000007031fff98, 0x0000000703200000| 99%| O|  |TS  0|AC  0|TAMS 0x0000000703100000, 0x0000000703100000|
|  50|0x0000000703200000, 0x00000007032ffff8, 0x0000000703300000| 99%| O|  |TS  0|AC  0|TAMS 0x0000000703200000, 0x0000000703200000|
|  51|0x0000000703300000, 0x00000007033fff50, 0x0000000703400000| 99%| O|  |TS  0|AC  0|TAMS 0x0000000703300000, 0x0000000703300000|
|  52|0x0000000703400000, 0x0000000703500000, 0x0000000703500000|100%| O|  |TS  0|AC  0|TAMS 0x0000000703400000, 0x0000000703400000|
|  53|0x0000000703500000, 0x00000007035ffe48, 0x0000000703600000| 99%| O|  |TS  0|AC  0|TAMS 0x0000000703500000, 0x0000000703500000|
|  54|0x0000000703600000, 0x00000007036ffff8, 0x0000000703700000| 99%| O|  |TS  0|AC  0|TAMS 0x0000000703600000, 0x0000000703600000|
|  55|0x0000000703700000, 0x00000007037ffea0, 0x0000000703800000| 99%| O|  |TS  0|AC  0|TAMS 0x0000000703700000, 0x0000000703700000|
|  56|0x0000000703800000, 0x00000007038ffff0, 0x0000000703900000| 99%| O|  |TS  0|AC  0|TAMS 0x0000000703800000, 0x0000000703800000|
|  57|0x0000000703900000, 0x0000000703a00000, 0x0000000703a00000|100%| O|  |TS  0|AC  0|TAMS 0x0000000703900000, 0x0000000703900000|
|  58|0x0000000703a00000, 0x0000000703affeb8, 0x0000000703b00000| 99%| O|  |TS  0|AC  0|TAMS 0x0000000703a00000, 0x0000000703a00000|
|  59|0x0000000703b00000, 0x0000000703bfffb0, 0x0000000703c00000| 99%| O|  |TS  0|AC  0|TAMS 0x0000000703b00000, 0x0000000703b00000|
|  60|0x0000000703c00000, 0x0000000703cfeba8, 0x0000000703d00000| 99%| O|  |TS  0|AC  0|TAMS 0x0000000703c00000, 0x0000000703c00000|
|  61|0x0000000703d00000, 0x0000000703dffff8, 0x0000000703e00000| 99%| O|  |TS  0|AC  0|TAMS 0x0000000703d00000, 0x0000000703d00000|
|  62|0x0000000703e00000, 0x0000000703effff0, 0x0000000703f00000| 99%| O|  |TS  0|AC  0|TAMS 0x0000000703e00000, 0x0000000703e00000|
|  63|0x0000000703f00000, 0x0000000703ffff20, 0x0000000704000000| 99%| O|  |TS  0|AC  0|TAMS 0x0000000703f00000, 0x0000000703f00000|
|  64|0x0000000704000000, 0x00000007040ffff0, 0x0000000704100000| 99%| O|  |TS  0|AC  0|TAMS 0x0000000704000000, 0x0000000704000000|
|  65|0x0000000704100000, 0x00000007041fffe8, 0x0000000704200000| 99%| O|  |TS  0|AC  0|TAMS 0x0000000704100000, 0x0000000704100000|
|  66|0x0000000704200000, 0x0000000704300000, 0x0000000704300000|100%| O|  |TS  0|AC  0|TAMS 0x0000000704200000, 0x0000000704200000|
|  67|0x0000000704300000, 0x00000007043fea40, 0x0000000704400000| 99%| O|  |TS  0|AC  0|TAMS 0x0000000704300000, 0x0000000704300000|
|  68|0x0000000704400000, 0x0000000704500000, 0x0000000704500000|100%| O|  |TS  0|AC  0|TAMS 0x0000000704400000, 0x0000000704400000|
|  69|0x0000000704500000, 0x00000007045ffff8, 0x0000000704600000| 99%| O|  |TS  0|AC  0|TAMS 0x0000000704500000, 0x0000000704500000|
|  70|0x0000000704600000, 0x00000007046ffff8, 0x0000000704700000| 99%| O|  |TS  0|AC  0|TAMS 0x0000000704600000, 0x0000000704600000|
|  71|0x0000000704700000, 0x00000007047ffff0, 0x0000000704800000| 99%| O|  |TS  0|AC  0|TAMS 0x0000000704700000, 0x0000000704700000|
|  72|0x0000000704800000, 0x00000007048ffff0, 0x0000000704900000| 99%| O|  |TS  0|AC  0|TAMS 0x0000000704800000, 0x0000000704800000|
|  73|0x0000000704900000, 0x00000007049ffff0, 0x0000000704a00000| 99%| O|  |TS  0|AC  0|TAMS 0x0000000704900000, 0x0000000704900000|
|  74|0x0000000704a00000, 0x0000000704afffd8, 0x0000000704b00000| 99%| O|  |TS  0|AC  0|TAMS 0x0000000704a00000, 0x0000000704a00000|
|  75|0x0000000704b00000, 0x0000000704bffa00, 0x0000000704c00000| 99%| O|  |TS  0|AC  0|TAMS 0x0000000704b00000, 0x0000000704b00000|
|  76|0x0000000704c00000, 0x0000000704cffed8, 0x0000000704d00000| 99%| O|  |TS  0|AC  0|TAMS 0x0000000704c00000, 0x0000000704c00000|
|  77|0x0000000704d00000, 0x0000000704dffe98, 0x0000000704e00000| 99%| O|  |TS  0|AC  0|TAMS 0x0000000704d00000, 0x0000000704d00000|
|  78|0x0000000704e00000, 0x0000000704efffe0, 0x0000000704f00000| 99%| O|  |TS  0|AC  0|TAMS 0x0000000704e00000, 0x0000000704e00000|
|  79|0x0000000704f00000, 0x0000000704ffffe8, 0x0000000705000000| 99%| O|  |TS  0|AC  0|TAMS 0x0000000704f00000, 0x0000000704f00000|
|  80|0x0000000705000000, 0x00000007050ffed8, 0x0000000705100000| 99%| O|  |TS  0|AC  0|TAMS 0x0000000705000000, 0x0000000705000000|
|  81|0x0000000705100000, 0x00000007051fffd0, 0x0000000705200000| 99%| O|  |TS  0|AC  0|TAMS 0x0000000705100000, 0x0000000705100000|
|  82|0x0000000705200000, 0x00000007052fe1c0, 0x0000000705300000| 99%| O|  |TS  0|AC  0|TAMS 0x0000000705200000, 0x0000000705200000|
|  83|0x0000000705300000, 0x0000000705400000, 0x0000000705400000|100%| O|  |TS  0|AC  0|TAMS 0x0000000705300000, 0x0000000705300000|
|  84|0x0000000705400000, 0x0000000705500000, 0x0000000705500000|100%| O|  |TS  0|AC  0|TAMS 0x0000000705400000, 0x0000000705400000|
|  85|0x0000000705500000, 0x00000007055fffe8, 0x0000000705600000| 99%| O|  |TS  0|AC  0|TAMS 0x0000000705500000, 0x0000000705500000|
|  86|0x0000000705600000, 0x00000007056ffdd8, 0x0000000705700000| 99%| O|  |TS  0|AC  0|TAMS 0x0000000705600000, 0x0000000705600000|
|  87|0x0000000705700000, 0x00000007057fffe8, 0x0000000705800000| 99%| O|  |TS  0|AC  0|TAMS 0x0000000705700000, 0x0000000705700000|
|  88|0x0000000705800000, 0x00000007058ffee8, 0x0000000705900000| 99%| O|  |TS  0|AC  0|TAMS 0x0000000705800000, 0x0000000705800000|
|  89|0x0000000705900000, 0x0000000705a00000, 0x0000000705a00000|100%| O|  |TS  0|AC  0|TAMS 0x0000000705900000, 0x0000000705900000|
|  90|0x0000000705a00000, 0x0000000705b00000, 0x0000000705b00000|100%| O|  |TS  0|AC  0|TAMS 0x0000000705a00000, 0x0000000705a00000|
|  91|0x0000000705b00000, 0x0000000705bffff0, 0x0000000705c00000| 99%| O|  |TS  0|AC  0|TAMS 0x0000000705b00000, 0x0000000705b00000|
|  92|0x0000000705c00000, 0x0000000705cfffd0, 0x0000000705d00000| 99%| O|  |TS  0|AC  0|TAMS 0x0000000705c00000, 0x0000000705c00000|
|  93|0x0000000705d00000, 0x0000000705dffec8, 0x0000000705e00000| 99%| O|  |TS  0|AC  0|TAMS 0x0000000705d00000, 0x0000000705d00000|
|  94|0x0000000705e00000, 0x0000000705efff98, 0x0000000705f00000| 99%| O|  |TS  0|AC  0|TAMS 0x0000000705e00000, 0x0000000705e00000|
|  95|0x0000000705f00000, 0x0000000705fffff0, 0x0000000706000000| 99%| O|  |TS  0|AC  0|TAMS 0x0000000705f00000, 0x0000000705f00000|
|  96|0x0000000706000000, 0x0000000706100000, 0x0000000706100000|100%| O|  |TS  0|AC  0|TAMS 0x0000000706000000, 0x0000000706000000|
|  97|0x0000000706100000, 0x00000007061fffe8, 0x0000000706200000| 99%| O|  |TS  0|AC  0|TAMS 0x0000000706100000, 0x0000000706100000|
|  98|0x0000000706200000, 0x00000007062ffff0, 0x0000000706300000| 99%| O|  |TS  0|AC  0|TAMS 0x0000000706200000, 0x0000000706200000|
|  99|0x0000000706300000, 0x00000007063fffe0, 0x0000000706400000| 99%| O|  |TS  0|AC  0|TAMS 0x0000000706300000, 0x0000000706300000|
| 100|0x0000000706400000, 0x0000000706500000, 0x0000000706500000|100%| O|  |TS  0|AC  0|TAMS 0x0000000706400000, 0x0000000706400000|
| 101|0x0000000706500000, 0x00000007065ffe40, 0x0000000706600000| 99%| O|  |TS  0|AC  0|TAMS 0x0000000706500000, 0x0000000706500000|
| 102|0x0000000706600000, 0x00000007066ffff0, 0x0000000706700000| 99%| O|  |TS  0|AC  0|TAMS 0x0000000706600000, 0x0000000706600000|
| 103|0x0000000706700000, 0x00000007067ff9b8, 0x0000000706800000| 99%| O|  |TS  0|AC  0|TAMS 0x0000000706700000, 0x0000000706700000|
| 104|0x0000000706800000, 0x0000000706900000, 0x0000000706900000|100%| O|  |TS  0|AC  0|TAMS 0x0000000706800000, 0x0000000706800000|
| 105|0x0000000706900000, 0x00000007069fffe0, 0x0000000706a00000| 99%| O|  |TS  0|AC  0|TAMS 0x0000000706900000, 0x0000000706900000|
| 106|0x0000000706a00000, 0x0000000706b00000, 0x0000000706b00000|100%| O|  |TS  0|AC  0|TAMS 0x0000000706a00000, 0x0000000706a00000|
| 107|0x0000000706b00000, 0x0000000706bfffd0, 0x0000000706c00000| 99%| O|  |TS  0|AC  0|TAMS 0x0000000706b00000, 0x0000000706b00000|
| 108|0x0000000706c00000, 0x0000000706d00000, 0x0000000706d00000|100%| O|  |TS  0|AC  0|TAMS 0x0000000706c00000, 0x0000000706c00000|
| 109|0x0000000706d00000, 0x0000000706dffff0, 0x0000000706e00000| 99%| O|  |TS  0|AC  0|TAMS 0x0000000706d00000, 0x0000000706d00000|
| 110|0x0000000706e00000, 0x0000000706effff8, 0x0000000706f00000| 99%| O|  |TS  0|AC  0|TAMS 0x0000000706e00000, 0x0000000706e00000|
| 111|0x0000000706f00000, 0x0000000706ffff90, 0x0000000707000000| 99%| O|  |TS  0|AC  0|TAMS 0x0000000706f00000, 0x0000000706f00000|
| 112|0x0000000707000000, 0x00000007070fffe8, 0x0000000707100000| 99%| O|  |TS  0|AC  0|TAMS 0x0000000707000000, 0x0000000707000000|
| 113|0x0000000707100000, 0x00000007071fffe0, 0x0000000707200000| 99%| O|  |TS  0|AC  0|TAMS 0x0000000707100000, 0x0000000707100000|
| 114|0x0000000707200000, 0x0000000707300000, 0x0000000707300000|100%| O|  |TS  0|AC  0|TAMS 0x0000000707200000, 0x0000000707200000|
| 115|0x0000000707300000, 0x00000007073ffff8, 0x0000000707400000| 99%| O|  |TS  0|AC  0|TAMS 0x0000000707300000, 0x0000000707300000|
| 116|0x0000000707400000, 0x00000007074fffe0, 0x0000000707500000| 99%| O|  |TS  0|AC  0|TAMS 0x0000000707400000, 0x0000000707400000|
| 117|0x0000000707500000, 0x0000000707600000, 0x0000000707600000|100%|HS|  |TS  0|AC  0|TAMS 0x0000000707500000, 0x0000000707500000|
| 118|0x0000000707600000, 0x00000007076fffe0, 0x0000000707700000| 99%| O|  |TS  0|AC  0|TAMS 0x0000000707600000, 0x0000000707600000|
| 119|0x0000000707700000, 0x00000007077ffff8, 0x0000000707800000| 99%| O|  |TS  0|AC  0|TAMS 0x0000000707700000, 0x0000000707700000|
| 120|0x0000000707800000, 0x00000007078fffd0, 0x0000000707900000| 99%| O|  |TS  0|AC  0|TAMS 0x0000000707800000, 0x0000000707800000|
| 121|0x0000000707900000, 0x00000007079fffe8, 0x0000000707a00000| 99%| O|  |TS  0|AC  0|TAMS 0x0000000707900000, 0x0000000707900000|
| 122|0x0000000707a00000, 0x0000000707afffe0, 0x0000000707b00000| 99%| O|  |TS  0|AC  0|TAMS 0x0000000707a00000, 0x0000000707a00000|
| 123|0x0000000707b00000, 0x0000000707c00000, 0x0000000707c00000|100%| O|  |TS  0|AC  0|TAMS 0x0000000707b00000, 0x0000000707b00000|
| 124|0x0000000707c00000, 0x0000000707d00000, 0x0000000707d00000|100%| O|  |TS  0|AC  0|TAMS 0x0000000707c00000, 0x0000000707c00000|
| 125|0x0000000707d00000, 0x0000000707e00000, 0x0000000707e00000|100%| O|  |TS  0|AC  0|TAMS 0x0000000707d00000, 0x0000000707d00000|
| 126|0x0000000707e00000, 0x0000000707effec8, 0x0000000707f00000| 99%| O|  |TS  0|AC  0|TAMS 0x0000000707e00000, 0x0000000707e00000|
| 127|0x0000000707f00000, 0x0000000707fffff0, 0x0000000708000000| 99%| O|  |TS  0|AC  0|TAMS 0x0000000707f00000, 0x0000000707f00000|
| 128|0x0000000708000000, 0x00000007080ffff8, 0x0000000708100000| 99%| O|  |TS  0|AC  0|TAMS 0x0000000708000000, 0x0000000708000000|
| 129|0x0000000708100000, 0x00000007081fffc8, 0x0000000708200000| 99%| O|  |TS  0|AC  0|TAMS 0x0000000708100000, 0x0000000708100000|
| 130|0x0000000708200000, 0x00000007082fffb0, 0x0000000708300000| 99%| O|  |TS  0|AC  0|TAMS 0x0000000708200000, 0x0000000708200000|
| 131|0x0000000708300000, 0x00000007083fffe8, 0x0000000708400000| 99%| O|  |TS  0|AC  0|TAMS 0x0000000708300000, 0x0000000708300000|
| 132|0x0000000708400000, 0x00000007084ffff0, 0x0000000708500000| 99%| O|  |TS  0|AC  0|TAMS 0x0000000708400000, 0x0000000708400000|
| 133|0x0000000708500000, 0x00000007085ffff8, 0x0000000708600000| 99%| O|  |TS  0|AC  0|TAMS 0x0000000708500000, 0x0000000708500000|
| 134|0x0000000708600000, 0x0000000708700000, 0x0000000708700000|100%| O|  |TS  0|AC  0|TAMS 0x0000000708600000, 0x0000000708600000|
| 135|0x0000000708700000, 0x00000007087ffff8, 0x0000000708800000| 99%| O|  |TS  0|AC  0|TAMS 0x0000000708700000, 0x0000000708700000|
| 136|0x0000000708800000, 0x00000007088fffe8, 0x0000000708900000| 99%| O|  |TS  0|AC  0|TAMS 0x0000000708800000, 0x0000000708800000|
| 137|0x0000000708900000, 0x00000007089fffd0, 0x0000000708a00000| 99%| O|  |TS  0|AC  0|TAMS 0x0000000708900000, 0x0000000708900000|
| 138|0x0000000708a00000, 0x0000000708affe40, 0x0000000708b00000| 99%| O|  |TS  0|AC  0|TAMS 0x0000000708a00000, 0x0000000708a00000|
| 139|0x0000000708b00000, 0x0000000708c00000, 0x0000000708c00000|100%| O|  |TS  0|AC  0|TAMS 0x0000000708b00000, 0x0000000708b00000|
| 140|0x0000000708c00000, 0x0000000708cfffe8, 0x0000000708d00000| 99%| O|  |TS  0|AC  0|TAMS 0x0000000708c00000, 0x0000000708c00000|
| 141|0x0000000708d00000, 0x0000000708dfffe0, 0x0000000708e00000| 99%| O|  |TS  0|AC  0|TAMS 0x0000000708d00000, 0x0000000708d00000|
| 142|0x0000000708e00000, 0x0000000708effe88, 0x0000000708f00000| 99%| O|  |TS  0|AC  0|TAMS 0x0000000708e00000, 0x0000000708e00000|
| 143|0x0000000708f00000, 0x0000000708ffffe8, 0x0000000709000000| 99%| O|  |TS  0|AC  0|TAMS 0x0000000708f00000, 0x0000000708f00000|
| 144|0x0000000709000000, 0x00000007090ffe50, 0x0000000709100000| 99%| O|  |TS  0|AC  0|TAMS 0x0000000709000000, 0x0000000709000000|
| 145|0x0000000709100000, 0x00000007091ffef8, 0x0000000709200000| 99%| O|  |TS  0|AC  0|TAMS 0x0000000709100000, 0x0000000709100000|
| 146|0x0000000709200000, 0x00000007092ffff8, 0x0000000709300000| 99%| O|  |TS  0|AC  0|TAMS 0x0000000709200000, 0x0000000709200000|
| 147|0x0000000709300000, 0x0000000709349a10, 0x0000000709400000| 28%| O|  |TS  0|AC  0|TAMS 0x0000000709300000, 0x0000000709300000|
| 148|0x0000000709400000, 0x0000000709500000, 0x0000000709500000|100%|HS|  |TS  0|AC  0|TAMS 0x0000000709400000, 0x0000000709400000|
| 149|0x0000000709500000, 0x0000000709600000, 0x0000000709600000|100%|HC|  |TS  0|AC  0|TAMS 0x0000000709500000, 0x0000000709500000|
| 150|0x0000000709600000, 0x0000000709700000, 0x0000000709700000|100%| O|  |TS 93|AC  0|TAMS 0x0000000709600000, 0x0000000709600000|
| 151|0x0000000709700000, 0x0000000709800000, 0x0000000709800000|100%| O|  |TS 93|AC  0|TAMS 0x0000000709700000, 0x0000000709700000|
| 152|0x0000000709800000, 0x0000000709900000, 0x0000000709900000|100%|HS|  |TS  0|AC  0|TAMS 0x0000000709800000, 0x0000000709800000|
| 153|0x0000000709900000, 0x0000000709a00000, 0x0000000709a00000|100%| O|  |TS149|AC  0|TAMS 0x0000000709900000, 0x0000000709900000|
| 154|0x0000000709a00000, 0x0000000709b00000, 0x0000000709b00000|100%| O|  |TS197|AC  0|TAMS 0x0000000709a00000, 0x0000000709a00000|
| 155|0x0000000709b00000, 0x0000000709c00000, 0x0000000709c00000|100%| O|  |TS261|AC  0|TAMS 0x0000000709b00000, 0x0000000709b00000|
| 156|0x0000000709c00000, 0x0000000709d00000, 0x0000000709d00000|100%| O|  |TS321|AC  0|TAMS 0x0000000709c00000, 0x0000000709c00000|
| 157|0x0000000709d00000, 0x0000000709e00000, 0x0000000709e00000|100%| O|  |TS379|AC  0|TAMS 0x0000000709d00000, 0x0000000709d00000|
| 158|0x0000000709e00000, 0x0000000709f00000, 0x0000000709f00000|100%| O|  |TS497|AC  0|TAMS 0x0000000709e00000, 0x0000000709e00000|
| 159|0x0000000709f00000, 0x000000070a000000, 0x000000070a000000|100%| O|  |TS497|AC  0|TAMS 0x0000000709f00000, 0x0000000709f00000|
| 160|0x000000070a000000, 0x000000070a100000, 0x000000070a100000|100%| O|  |TS497|AC  0|TAMS 0x000000070a000000, 0x000000070a000000|
| 161|0x000000070a100000, 0x000000070a200000, 0x000000070a200000|100%| O|  |TS517|AC  0|TAMS 0x000000070a100000, 0x000000070a100000|
| 162|0x000000070a200000, 0x000000070a300000, 0x000000070a300000|100%| O|  |TS525|AC  0|TAMS 0x000000070a200000, 0x000000070a200000|
| 163|0x000000070a300000, 0x000000070a400000, 0x000000070a400000|100%| O|  |TS525|AC  0|TAMS 0x000000070a300000, 0x000000070a300000|
| 164|0x000000070a400000, 0x000000070a500000, 0x000000070a500000|100%| O|  |TS527|AC  0|TAMS 0x000000070a400000, 0x000000070a400000|
| 165|0x000000070a500000, 0x000000070a600000, 0x000000070a600000|100%| O|  |TS579|AC  0|TAMS 0x000000070a500000, 0x000000070a500000|
| 166|0x000000070a600000, 0x000000070a700000, 0x000000070a700000|100%| O|  |TS639|AC  0|TAMS 0x000000070a600000, 0x000000070a600000|
| 167|0x000000070a700000, 0x000000070a800000, 0x000000070a800000|100%| O|  |TS641|AC  0|TAMS 0x000000070a700000, 0x000000070a700000|
| 168|0x000000070a800000, 0x000000070a900000, 0x000000070a900000|100%| O|  |TS701|AC  0|TAMS 0x000000070a800000, 0x000000070a800000|
| 169|0x000000070a900000, 0x000000070aa00000, 0x000000070aa00000|100%| O|  |TS703|AC  0|TAMS 0x000000070a900000, 0x000000070a900000|
| 170|0x000000070aa00000, 0x000000070ab00000, 0x000000070ab00000|100%| O|  |TS705|AC  0|TAMS 0x000000070aa00000, 0x000000070aa00000|
| 171|0x000000070ab00000, 0x000000070ac00000, 0x000000070ac00000|100%| O|  |TS757|AC  0|TAMS 0x000000070ab00000, 0x000000070ab00000|
| 172|0x000000070ac00000, 0x000000070ad00000, 0x000000070ad00000|100%| O|  |TS783|AC  0|TAMS 0x000000070ac00000, 0x000000070ac00000|
| 173|0x000000070ad00000, 0x000000070ae00000, 0x000000070ae00000|100%| O|  |TS787|AC  0|TAMS 0x000000070ad00000, 0x000000070ad00000|
| 174|0x000000070ae00000, 0x000000070af00000, 0x000000070af00000|100%| O|  |TS849|AC  0|TAMS 0x000000070ae00000, 0x000000070ae00000|
| 175|0x000000070af00000, 0x000000070b000000, 0x000000070b000000|100%| O|  |TS867|AC  0|TAMS 0x000000070af00000, 0x000000070af00000|
| 176|0x000000070b000000, 0x000000070b100000, 0x000000070b100000|100%| O|  |TS867|AC  0|TAMS 0x000000070b000000, 0x000000070b000000|
| 177|0x000000070b100000, 0x000000070b200000, 0x000000070b200000|100%| O|  |TS867|AC  0|TAMS 0x000000070b100000, 0x000000070b100000|
| 178|0x000000070b200000, 0x000000070b300000, 0x000000070b300000|100%| O|  |TS895|AC  0|TAMS 0x000000070b200000, 0x000000070b200000|
| 179|0x000000070b300000, 0x000000070b400000, 0x000000070b400000|100%| O|  |TS905|AC  0|TAMS 0x000000070b300000, 0x000000070b300000|
| 180|0x000000070b400000, 0x000000070b4adc00, 0x000000070b500000| 67%| O|  |TS961|AC  0|TAMS 0x000000070b400000, 0x000000070b400000|
| 181|0x000000070b500000, 0x000000070b500000, 0x000000070b600000|  0%| F|  |TS  0|AC  0|TAMS 0x000000070b500000, 0x000000070b500000|
| 182|0x000000070b600000, 0x000000070b600000, 0x000000070b700000|  0%| F|  |TS  0|AC  0|TAMS 0x000000070b600000, 0x000000070b600000|
| 183|0x000000070b700000, 0x000000070b700000, 0x000000070b800000|  0%| F|  |TS  0|AC  0|TAMS 0x000000070b700000, 0x000000070b700000|
| 184|0x000000070b800000, 0x000000070b800000, 0x000000070b900000|  0%| F|  |TS  0|AC  0|TAMS 0x000000070b800000, 0x000000070b800000|
| 185|0x000000070b900000, 0x000000070b900000, 0x000000070ba00000|  0%| F|  |TS  0|AC  0|TAMS 0x000000070b900000, 0x000000070b900000|
| 186|0x000000070ba00000, 0x000000070ba00000, 0x000000070bb00000|  0%| F|  |TS  0|AC  0|TAMS 0x000000070ba00000, 0x000000070ba00000|
| 187|0x000000070bb00000, 0x000000070bb00000, 0x000000070bc00000|  0%| F|  |TS  0|AC  0|TAMS 0x000000070bb00000, 0x000000070bb00000|
| 188|0x000000070bc00000, 0x000000070bc00000, 0x000000070bd00000|  0%| F|  |TS  0|AC  0|TAMS 0x000000070bc00000, 0x000000070bc00000|
| 189|0x000000070bd00000, 0x000000070bd00000, 0x000000070be00000|  0%| F|  |TS  0|AC  0|TAMS 0x000000070bd00000, 0x000000070bd00000|
| 190|0x000000070be00000, 0x000000070be00000, 0x000000070bf00000|  0%| F|  |TS  0|AC  0|TAMS 0x000000070be00000, 0x000000070be00000|
| 191|0x000000070bf00000, 0x000000070bf00000, 0x000000070c000000|  0%| F|  |TS  0|AC  0|TAMS 0x000000070bf00000, 0x000000070bf00000|
| 192|0x000000070c000000, 0x000000070c000000, 0x000000070c100000|  0%| F|  |TS  0|AC  0|TAMS 0x000000070c000000, 0x000000070c000000|
| 193|0x000000070c100000, 0x000000070c100000, 0x000000070c200000|  0%| F|  |TS  0|AC  0|TAMS 0x000000070c100000, 0x000000070c100000|
| 194|0x000000070c200000, 0x000000070c200000, 0x000000070c300000|  0%| F|  |TS  0|AC  0|TAMS 0x000000070c200000, 0x000000070c200000|
| 195|0x000000070c300000, 0x000000070c300000, 0x000000070c400000|  0%| F|  |TS  0|AC  0|TAMS 0x000000070c300000, 0x000000070c300000|
| 196|0x000000070c400000, 0x000000070c400000, 0x000000070c500000|  0%| F|  |TS  0|AC  0|TAMS 0x000000070c400000, 0x000000070c400000|
| 197|0x000000070c500000, 0x000000070c500000, 0x000000070c600000|  0%| F|  |TS  0|AC  0|TAMS 0x000000070c500000, 0x000000070c500000|
| 198|0x000000070c600000, 0x000000070c600000, 0x000000070c700000|  0%| F|  |TS  0|AC  0|TAMS 0x000000070c600000, 0x000000070c600000|
| 199|0x000000070c700000, 0x000000070c700000, 0x000000070c800000|  0%| F|  |TS  0|AC  0|TAMS 0x000000070c700000, 0x000000070c700000|
| 200|0x000000070c800000, 0x000000070c800000, 0x000000070c900000|  0%| F|  |TS  0|AC  0|TAMS 0x000000070c800000, 0x000000070c800000|
| 201|0x000000070c900000, 0x000000070c900000, 0x000000070ca00000|  0%| F|  |TS  0|AC  0|TAMS 0x000000070c900000, 0x000000070c900000|
| 202|0x000000070ca00000, 0x000000070ca00000, 0x000000070cb00000|  0%| F|  |TS  0|AC  0|TAMS 0x000000070ca00000, 0x000000070ca00000|
| 203|0x000000070cb00000, 0x000000070cb00000, 0x000000070cc00000|  0%| F|  |TS  0|AC  0|TAMS 0x000000070cb00000, 0x000000070cb00000|
| 204|0x000000070cc00000, 0x000000070cc00000, 0x000000070cd00000|  0%| F|  |TS  0|AC  0|TAMS 0x000000070cc00000, 0x000000070cc00000|
| 205|0x000000070cd00000, 0x000000070cd00000, 0x000000070ce00000|  0%| F|  |TS  0|AC  0|TAMS 0x000000070cd00000, 0x000000070cd00000|
| 206|0x000000070ce00000, 0x000000070ce00000, 0x000000070cf00000|  0%| F|  |TS  0|AC  0|TAMS 0x000000070ce00000, 0x000000070ce00000|
| 207|0x000000070cf00000, 0x000000070cf00000, 0x000000070d000000|  0%| F|  |TS  0|AC  0|TAMS 0x000000070cf00000, 0x000000070cf00000|
| 208|0x000000070d000000, 0x000000070d000000, 0x000000070d100000|  0%| F|  |TS  0|AC  0|TAMS 0x000000070d000000, 0x000000070d000000|
| 209|0x000000070d100000, 0x000000070d100000, 0x000000070d200000|  0%| F|  |TS  0|AC  0|TAMS 0x000000070d100000, 0x000000070d100000|
| 210|0x000000070d200000, 0x000000070d200000, 0x000000070d300000|  0%| F|  |TS  0|AC  0|TAMS 0x000000070d200000, 0x000000070d200000|
| 211|0x000000070d300000, 0x000000070d300000, 0x000000070d400000|  0%| F|  |TS  0|AC  0|TAMS 0x000000070d300000, 0x000000070d300000|
| 212|0x000000070d400000, 0x000000070d400000, 0x000000070d500000|  0%| F|  |TS  0|AC  0|TAMS 0x000000070d400000, 0x000000070d400000|
| 213|0x000000070d500000, 0x000000070d500000, 0x000000070d600000|  0%| F|  |TS  0|AC  0|TAMS 0x000000070d500000, 0x000000070d500000|
| 214|0x000000070d600000, 0x000000070d600000, 0x000000070d700000|  0%| F|  |TS  0|AC  0|TAMS 0x000000070d600000, 0x000000070d600000|
| 215|0x000000070d700000, 0x000000070d700000, 0x000000070d800000|  0%| F|  |TS  0|AC  0|TAMS 0x000000070d700000, 0x000000070d700000|
| 216|0x000000070d800000, 0x000000070d800000, 0x000000070d900000|  0%| F|  |TS  0|AC  0|TAMS 0x000000070d800000, 0x000000070d800000|
| 217|0x000000070d900000, 0x000000070d900000, 0x000000070da00000|  0%| F|  |TS  0|AC  0|TAMS 0x000000070d900000, 0x000000070d900000|
| 218|0x000000070da00000, 0x000000070da00000, 0x000000070db00000|  0%| F|  |TS  0|AC  0|TAMS 0x000000070da00000, 0x000000070da00000|
| 219|0x000000070db00000, 0x000000070db00000, 0x000000070dc00000|  0%| F|  |TS  0|AC  0|TAMS 0x000000070db00000, 0x000000070db00000|
| 220|0x000000070dc00000, 0x000000070dc00000, 0x000000070dd00000|  0%| F|  |TS  0|AC  0|TAMS 0x000000070dc00000, 0x000000070dc00000|
| 221|0x000000070dd00000, 0x000000070dd00000, 0x000000070de00000|  0%| F|  |TS  0|AC  0|TAMS 0x000000070dd00000, 0x000000070dd00000|
| 222|0x000000070de00000, 0x000000070de00000, 0x000000070df00000|  0%| F|  |TS  0|AC  0|TAMS 0x000000070de00000, 0x000000070de00000|
| 223|0x000000070df00000, 0x000000070df00000, 0x000000070e000000|  0%| F|  |TS  0|AC  0|TAMS 0x000000070df00000, 0x000000070df00000|
| 224|0x000000070e000000, 0x000000070e000000, 0x000000070e100000|  0%| F|  |TS  0|AC  0|TAMS 0x000000070e000000, 0x000000070e000000|
| 225|0x000000070e100000, 0x000000070e100000, 0x000000070e200000|  0%| F|  |TS  0|AC  0|TAMS 0x000000070e100000, 0x000000070e100000|
| 226|0x000000070e200000, 0x000000070e200000, 0x000000070e300000|  0%| F|  |TS  0|AC  0|TAMS 0x000000070e200000, 0x000000070e200000|
| 227|0x000000070e300000, 0x000000070e300000, 0x000000070e400000|  0%| F|  |TS  0|AC  0|TAMS 0x000000070e300000, 0x000000070e300000|
| 228|0x000000070e400000, 0x000000070e400000, 0x000000070e500000|  0%| F|  |TS  0|AC  0|TAMS 0x000000070e400000, 0x000000070e400000|
| 229|0x000000070e500000, 0x000000070e500000, 0x000000070e600000|  0%| F|  |TS  0|AC  0|TAMS 0x000000070e500000, 0x000000070e500000|
| 230|0x000000070e600000, 0x000000070e600000, 0x000000070e700000|  0%| F|  |TS  0|AC  0|TAMS 0x000000070e600000, 0x000000070e600000|
| 231|0x000000070e700000, 0x000000070e700000, 0x000000070e800000|  0%| F|  |TS  0|AC  0|TAMS 0x000000070e700000, 0x000000070e700000|
| 232|0x000000070e800000, 0x000000070e800000, 0x000000070e900000|  0%| F|  |TS  0|AC  0|TAMS 0x000000070e800000, 0x000000070e800000|
| 233|0x000000070e900000, 0x000000070e900000, 0x000000070ea00000|  0%| F|  |TS  0|AC  0|TAMS 0x000000070e900000, 0x000000070e900000|
| 234|0x000000070ea00000, 0x000000070ea00000, 0x000000070eb00000|  0%| F|  |TS  0|AC  0|TAMS 0x000000070ea00000, 0x000000070ea00000|
| 235|0x000000070eb00000, 0x000000070eb00000, 0x000000070ec00000|  0%| F|  |TS  0|AC  0|TAMS 0x000000070eb00000, 0x000000070eb00000|
| 236|0x000000070ec00000, 0x000000070ec00000, 0x000000070ed00000|  0%| F|  |TS  0|AC  0|TAMS 0x000000070ec00000, 0x000000070ec00000|
| 237|0x000000070ed00000, 0x000000070ed00000, 0x000000070ee00000|  0%| F|  |TS  0|AC  0|TAMS 0x000000070ed00000, 0x000000070ed00000|
| 238|0x000000070ee00000, 0x000000070ee00000, 0x000000070ef00000|  0%| F|  |TS  0|AC  0|TAMS 0x000000070ee00000, 0x000000070ee00000|
| 239|0x000000070ef00000, 0x000000070ef00000, 0x000000070f000000|  0%| F|  |TS  0|AC  0|TAMS 0x000000070ef00000, 0x000000070ef00000|
| 240|0x000000070f000000, 0x000000070f000000, 0x000000070f100000|  0%| F|  |TS  0|AC  0|TAMS 0x000000070f000000, 0x000000070f000000|
| 241|0x000000070f100000, 0x000000070f100000, 0x000000070f200000|  0%| F|  |TS  0|AC  0|TAMS 0x000000070f100000, 0x000000070f100000|
| 242|0x000000070f200000, 0x000000070f200000, 0x000000070f300000|  0%| F|  |TS  0|AC  0|TAMS 0x000000070f200000, 0x000000070f200000|
| 243|0x000000070f300000, 0x000000070f300000, 0x000000070f400000|  0%| F|  |TS  0|AC  0|TAMS 0x000000070f300000, 0x000000070f300000|
| 244|0x000000070f400000, 0x000000070f400000, 0x000000070f500000|  0%| F|  |TS  0|AC  0|TAMS 0x000000070f400000, 0x000000070f400000|
| 245|0x000000070f500000, 0x000000070f500000, 0x000000070f600000|  0%| F|  |TS  0|AC  0|TAMS 0x000000070f500000, 0x000000070f500000|
| 246|0x000000070f600000, 0x000000070f600000, 0x000000070f700000|  0%| F|  |TS  0|AC  0|TAMS 0x000000070f600000, 0x000000070f600000|
| 247|0x000000070f700000, 0x000000070f700000, 0x000000070f800000|  0%| F|  |TS  0|AC  0|TAMS 0x000000070f700000, 0x000000070f700000|
| 248|0x000000070f800000, 0x000000070f800000, 0x000000070f900000|  0%| F|  |TS  0|AC  0|TAMS 0x000000070f800000, 0x000000070f800000|
| 249|0x000000070f900000, 0x000000070f900000, 0x000000070fa00000|  0%| F|  |TS  0|AC  0|TAMS 0x000000070f900000, 0x000000070f900000|
| 250|0x000000070fa00000, 0x000000070fa00000, 0x000000070fb00000|  0%| F|  |TS  0|AC  0|TAMS 0x000000070fa00000, 0x000000070fa00000|
| 251|0x000000070fb00000, 0x000000070fb00000, 0x000000070fc00000|  0%| F|  |TS  0|AC  0|TAMS 0x000000070fb00000, 0x000000070fb00000|
| 252|0x000000070fc00000, 0x000000070fc00000, 0x000000070fd00000|  0%| F|  |TS  0|AC  0|TAMS 0x000000070fc00000, 0x000000070fc00000|
| 253|0x000000070fd00000, 0x000000070fd00000, 0x000000070fe00000|  0%| F|  |TS  0|AC  0|TAMS 0x000000070fd00000, 0x000000070fd00000|
| 254|0x000000070fe00000, 0x000000070fe00000, 0x000000070ff00000|  0%| F|  |TS  0|AC  0|TAMS 0x000000070fe00000, 0x000000070fe00000|
| 255|0x000000070ff00000, 0x000000070ff00000, 0x0000000710000000|  0%| F|  |TS  0|AC  0|TAMS 0x000000070ff00000, 0x000000070ff00000|
| 256|0x0000000710000000, 0x0000000710000000, 0x0000000710100000|  0%| F|  |TS  0|AC  0|TAMS 0x0000000710000000, 0x0000000710000000|
| 257|0x0000000710100000, 0x0000000710100000, 0x0000000710200000|  0%| F|  |TS  0|AC  0|TAMS 0x0000000710100000, 0x0000000710100000|
| 258|0x0000000710200000, 0x0000000710200000, 0x0000000710300000|  0%| F|  |TS  0|AC  0|TAMS 0x0000000710200000, 0x0000000710200000|
| 259|0x0000000710300000, 0x0000000710300000, 0x0000000710400000|  0%| F|  |TS  0|AC  0|TAMS 0x0000000710300000, 0x0000000710300000|
| 260|0x0000000710400000, 0x0000000710400000, 0x0000000710500000|  0%| F|  |TS  0|AC  0|TAMS 0x0000000710400000, 0x0000000710400000|
| 261|0x0000000710500000, 0x0000000710500000, 0x0000000710600000|  0%| F|  |TS  0|AC  0|TAMS 0x0000000710500000, 0x0000000710500000|
| 262|0x0000000710600000, 0x0000000710600000, 0x0000000710700000|  0%| F|  |TS  0|AC  0|TAMS 0x0000000710600000, 0x0000000710600000|
| 263|0x0000000710700000, 0x0000000710700000, 0x0000000710800000|  0%| F|  |TS  0|AC  0|TAMS 0x0000000710700000, 0x0000000710700000|
| 264|0x0000000710800000, 0x0000000710800000, 0x0000000710900000|  0%| F|  |TS  0|AC  0|TAMS 0x0000000710800000, 0x0000000710800000|
| 265|0x0000000710900000, 0x0000000710900000, 0x0000000710a00000|  0%| F|  |TS  0|AC  0|TAMS 0x0000000710900000, 0x0000000710900000|
| 266|0x0000000710a00000, 0x0000000710a00000, 0x0000000710b00000|  0%| F|  |TS  0|AC  0|TAMS 0x0000000710a00000, 0x0000000710a00000|
| 267|0x0000000710b00000, 0x0000000710b00000, 0x0000000710c00000|  0%| F|  |TS  0|AC  0|TAMS 0x0000000710b00000, 0x0000000710b00000|
| 268|0x0000000710c00000, 0x0000000710c00000, 0x0000000710d00000|  0%| F|  |TS  0|AC  0|TAMS 0x0000000710c00000, 0x0000000710c00000|
| 269|0x0000000710d00000, 0x0000000710d00000, 0x0000000710e00000|  0%| F|  |TS  0|AC  0|TAMS 0x0000000710d00000, 0x0000000710d00000|
| 270|0x0000000710e00000, 0x0000000710e00000, 0x0000000710f00000|  0%| F|  |TS  0|AC  0|TAMS 0x0000000710e00000, 0x0000000710e00000|
| 271|0x0000000710f00000, 0x0000000710f00000, 0x0000000711000000|  0%| F|  |TS  0|AC  0|TAMS 0x0000000710f00000, 0x0000000710f00000|
| 272|0x0000000711000000, 0x0000000711000000, 0x0000000711100000|  0%| F|  |TS  0|AC  0|TAMS 0x0000000711000000, 0x0000000711000000|
| 273|0x0000000711100000, 0x0000000711100000, 0x0000000711200000|  0%| F|  |TS  0|AC  0|TAMS 0x0000000711100000, 0x0000000711100000|
| 274|0x0000000711200000, 0x0000000711200000, 0x0000000711300000|  0%| F|  |TS  0|AC  0|TAMS 0x0000000711200000, 0x0000000711200000|
| 275|0x0000000711300000, 0x0000000711300000, 0x0000000711400000|  0%| F|  |TS  0|AC  0|TAMS 0x0000000711300000, 0x0000000711300000|
| 276|0x0000000711400000, 0x0000000711400000, 0x0000000711500000|  0%| F|  |TS  0|AC  0|TAMS 0x0000000711400000, 0x0000000711400000|
| 277|0x0000000711500000, 0x0000000711500000, 0x0000000711600000|  0%| F|  |TS  0|AC  0|TAMS 0x0000000711500000, 0x0000000711500000|
| 278|0x0000000711600000, 0x0000000711600000, 0x0000000711700000|  0%| F|  |TS  0|AC  0|TAMS 0x0000000711600000, 0x0000000711600000|
| 279|0x0000000711700000, 0x0000000711700000, 0x0000000711800000|  0%| F|  |TS  0|AC  0|TAMS 0x0000000711700000, 0x0000000711700000|
| 280|0x0000000711800000, 0x0000000711800000, 0x0000000711900000|  0%| F|  |TS  0|AC  0|TAMS 0x0000000711800000, 0x0000000711800000|
| 281|0x0000000711900000, 0x0000000711900000, 0x0000000711a00000|  0%| F|  |TS  0|AC  0|TAMS 0x0000000711900000, 0x0000000711900000|
| 282|0x0000000711a00000, 0x0000000711a00000, 0x0000000711b00000|  0%| F|  |TS  0|AC  0|TAMS 0x0000000711a00000, 0x0000000711a00000|
| 283|0x0000000711b00000, 0x0000000711b00000, 0x0000000711c00000|  0%| F|  |TS  0|AC  0|TAMS 0x0000000711b00000, 0x0000000711b00000|
| 284|0x0000000711c00000, 0x0000000711c00000, 0x0000000711d00000|  0%| F|  |TS  0|AC  0|TAMS 0x0000000711c00000, 0x0000000711c00000|
| 285|0x0000000711d00000, 0x0000000711d00000, 0x0000000711e00000|  0%| F|  |TS  0|AC  0|TAMS 0x0000000711d00000, 0x0000000711d00000|
| 286|0x0000000711e00000, 0x0000000711e00000, 0x0000000711f00000|  0%| F|  |TS  0|AC  0|TAMS 0x0000000711e00000, 0x0000000711e00000|
| 287|0x0000000711f00000, 0x0000000711f00000, 0x0000000712000000|  0%| F|  |TS  0|AC  0|TAMS 0x0000000711f00000, 0x0000000711f00000|
| 288|0x0000000712000000, 0x0000000712000000, 0x0000000712100000|  0%| F|  |TS  0|AC  0|TAMS 0x0000000712000000, 0x0000000712000000|
| 289|0x0000000712100000, 0x0000000712100000, 0x0000000712200000|  0%| F|  |TS  0|AC  0|TAMS 0x0000000712100000, 0x0000000712100000|
| 290|0x0000000712200000, 0x0000000712200000, 0x0000000712300000|  0%| F|  |TS  0|AC  0|TAMS 0x0000000712200000, 0x0000000712200000|
| 291|0x0000000712300000, 0x0000000712300000, 0x0000000712400000|  0%| F|  |TS  0|AC  0|TAMS 0x0000000712300000, 0x0000000712300000|
| 292|0x0000000712400000, 0x0000000712400000, 0x0000000712500000|  0%| F|  |TS  0|AC  0|TAMS 0x0000000712400000, 0x0000000712400000|
| 293|0x0000000712500000, 0x0000000712500000, 0x0000000712600000|  0%| F|  |TS  0|AC  0|TAMS 0x0000000712500000, 0x0000000712500000|
| 294|0x0000000712600000, 0x0000000712600000, 0x0000000712700000|  0%| F|  |TS  0|AC  0|TAMS 0x0000000712600000, 0x0000000712600000|
| 295|0x0000000712700000, 0x0000000712700000, 0x0000000712800000|  0%| F|  |TS  0|AC  0|TAMS 0x0000000712700000, 0x0000000712700000|
| 296|0x0000000712800000, 0x0000000712800000, 0x0000000712900000|  0%| F|  |TS  0|AC  0|TAMS 0x0000000712800000, 0x0000000712800000|
| 297|0x0000000712900000, 0x0000000712900000, 0x0000000712a00000|  0%| F|  |TS  0|AC  0|TAMS 0x0000000712900000, 0x0000000712900000|
| 298|0x0000000712a00000, 0x0000000712a00000, 0x0000000712b00000|  0%| F|  |TS  0|AC  0|TAMS 0x0000000712a00000, 0x0000000712a00000|
| 299|0x0000000712b00000, 0x0000000712b00000, 0x0000000712c00000|  0%| F|  |TS  0|AC  0|TAMS 0x0000000712b00000, 0x0000000712b00000|
| 300|0x0000000712c00000, 0x0000000712c00000, 0x0000000712d00000|  0%| F|  |TS  0|AC  0|TAMS 0x0000000712c00000, 0x0000000712c00000|
| 301|0x0000000712d00000, 0x0000000712d00000, 0x0000000712e00000|  0%| F|  |TS  0|AC  0|TAMS 0x0000000712d00000, 0x0000000712d00000|
| 302|0x0000000712e00000, 0x0000000712e00000, 0x0000000712f00000|  0%| F|  |TS  0|AC  0|TAMS 0x0000000712e00000, 0x0000000712e00000|
| 303|0x0000000712f00000, 0x0000000712f00000, 0x0000000713000000|  0%| F|  |TS  0|AC  0|TAMS 0x0000000712f00000, 0x0000000712f00000|
| 304|0x0000000713000000, 0x0000000713000000, 0x0000000713100000|  0%| F|  |TS  0|AC  0|TAMS 0x0000000713000000, 0x0000000713000000|
| 305|0x0000000713100000, 0x0000000713100000, 0x0000000713200000|  0%| F|  |TS  0|AC  0|TAMS 0x0000000713100000, 0x0000000713100000|
| 306|0x0000000713200000, 0x0000000713200000, 0x0000000713300000|  0%| F|  |TS  0|AC  0|TAMS 0x0000000713200000, 0x0000000713200000|
| 307|0x0000000713300000, 0x0000000713300000, 0x0000000713400000|  0%| F|  |TS  0|AC  0|TAMS 0x0000000713300000, 0x0000000713300000|
| 308|0x0000000713400000, 0x0000000713400000, 0x0000000713500000|  0%| F|  |TS  0|AC  0|TAMS 0x0000000713400000, 0x0000000713400000|
| 309|0x0000000713500000, 0x0000000713500000, 0x0000000713600000|  0%| F|  |TS  0|AC  0|TAMS 0x0000000713500000, 0x0000000713500000|
| 310|0x0000000713600000, 0x0000000713600000, 0x0000000713700000|  0%| F|  |TS  0|AC  0|TAMS 0x0000000713600000, 0x0000000713600000|
| 311|0x0000000713700000, 0x0000000713700000, 0x0000000713800000|  0%| F|  |TS  0|AC  0|TAMS 0x0000000713700000, 0x0000000713700000|
| 312|0x0000000713800000, 0x0000000713800000, 0x0000000713900000|  0%| F|  |TS  0|AC  0|TAMS 0x0000000713800000, 0x0000000713800000|
| 313|0x0000000713900000, 0x0000000713900000, 0x0000000713a00000|  0%| F|  |TS  0|AC  0|TAMS 0x0000000713900000, 0x0000000713900000|
| 314|0x0000000713a00000, 0x0000000713a00000, 0x0000000713b00000|  0%| F|  |TS  0|AC  0|TAMS 0x0000000713a00000, 0x0000000713a00000|
| 315|0x0000000713b00000, 0x0000000713b00000, 0x0000000713c00000|  0%| F|  |TS  0|AC  0|TAMS 0x0000000713b00000, 0x0000000713b00000|
| 316|0x0000000713c00000, 0x0000000713c00000, 0x0000000713d00000|  0%| F|  |TS  0|AC  0|TAMS 0x0000000713c00000, 0x0000000713c00000|
| 317|0x0000000713d00000, 0x0000000713d00000, 0x0000000713e00000|  0%| F|  |TS  0|AC  0|TAMS 0x0000000713d00000, 0x0000000713d00000|
| 318|0x0000000713e00000, 0x0000000713e00000, 0x0000000713f00000|  0%| F|  |TS  0|AC  0|TAMS 0x0000000713e00000, 0x0000000713e00000|
| 319|0x0000000713f00000, 0x0000000713f00000, 0x0000000714000000|  0%| F|  |TS  0|AC  0|TAMS 0x0000000713f00000, 0x0000000713f00000|
| 320|0x0000000714000000, 0x0000000714000000, 0x0000000714100000|  0%| F|  |TS  0|AC  0|TAMS 0x0000000714000000, 0x0000000714000000|
| 321|0x0000000714100000, 0x0000000714100000, 0x0000000714200000|  0%| F|  |TS  0|AC  0|TAMS 0x0000000714100000, 0x0000000714100000|
| 322|0x0000000714200000, 0x0000000714200000, 0x0000000714300000|  0%| F|  |TS  0|AC  0|TAMS 0x0000000714200000, 0x0000000714200000|
| 323|0x0000000714300000, 0x0000000714300000, 0x0000000714400000|  0%| F|  |TS  0|AC  0|TAMS 0x0000000714300000, 0x0000000714300000|
| 324|0x0000000714400000, 0x0000000714400000, 0x0000000714500000|  0%| F|  |TS  0|AC  0|TAMS 0x0000000714400000, 0x0000000714400000|
| 325|0x0000000714500000, 0x0000000714500000, 0x0000000714600000|  0%| F|  |TS  0|AC  0|TAMS 0x0000000714500000, 0x0000000714500000|
| 326|0x0000000714600000, 0x0000000714600000, 0x0000000714700000|  0%| F|  |TS  0|AC  0|TAMS 0x0000000714600000, 0x0000000714600000|
| 327|0x0000000714700000, 0x0000000714700000, 0x0000000714800000|  0%| F|  |TS  0|AC  0|TAMS 0x0000000714700000, 0x0000000714700000|
| 328|0x0000000714800000, 0x0000000714800000, 0x0000000714900000|  0%| F|  |TS  0|AC  0|TAMS 0x0000000714800000, 0x0000000714800000|
| 329|0x0000000714900000, 0x0000000714900000, 0x0000000714a00000|  0%| F|  |TS  0|AC  0|TAMS 0x0000000714900000, 0x0000000714900000|
| 330|0x0000000714a00000, 0x0000000714a00000, 0x0000000714b00000|  0%| F|  |TS  0|AC  0|TAMS 0x0000000714a00000, 0x0000000714a00000|
| 331|0x0000000714b00000, 0x0000000714b00000, 0x0000000714c00000|  0%| F|  |TS  0|AC  0|TAMS 0x0000000714b00000, 0x0000000714b00000|
| 332|0x0000000714c00000, 0x0000000714c00000, 0x0000000714d00000|  0%| F|  |TS  0|AC  0|TAMS 0x0000000714c00000, 0x0000000714c00000|
| 333|0x0000000714d00000, 0x0000000714d00000, 0x0000000714e00000|  0%| F|  |TS  0|AC  0|TAMS 0x0000000714d00000, 0x0000000714d00000|
| 334|0x0000000714e00000, 0x0000000714e00000, 0x0000000714f00000|  0%| F|  |TS  0|AC  0|TAMS 0x0000000714e00000, 0x0000000714e00000|
| 335|0x0000000714f00000, 0x0000000714f00000, 0x0000000715000000|  0%| F|  |TS  0|AC  0|TAMS 0x0000000714f00000, 0x0000000714f00000|
| 336|0x0000000715000000, 0x0000000715000000, 0x0000000715100000|  0%| F|  |TS  0|AC  0|TAMS 0x0000000715000000, 0x0000000715000000|
| 337|0x0000000715100000, 0x0000000715100000, 0x0000000715200000|  0%| F|  |TS  0|AC  0|TAMS 0x0000000715100000, 0x0000000715100000|
| 338|0x0000000715200000, 0x0000000715200000, 0x0000000715300000|  0%| F|  |TS  0|AC  0|TAMS 0x0000000715200000, 0x0000000715200000|
| 339|0x0000000715300000, 0x0000000715300000, 0x0000000715400000|  0%| F|  |TS  0|AC  0|TAMS 0x0000000715300000, 0x0000000715300000|
| 340|0x0000000715400000, 0x0000000715400000, 0x0000000715500000|  0%| F|  |TS  0|AC  0|TAMS 0x0000000715400000, 0x0000000715400000|
| 341|0x0000000715500000, 0x0000000715500000, 0x0000000715600000|  0%| F|  |TS  0|AC  0|TAMS 0x0000000715500000, 0x0000000715500000|
| 342|0x0000000715600000, 0x0000000715600000, 0x0000000715700000|  0%| F|  |TS  0|AC  0|TAMS 0x0000000715600000, 0x0000000715600000|
| 343|0x0000000715700000, 0x0000000715700000, 0x0000000715800000|  0%| F|  |TS  0|AC  0|TAMS 0x0000000715700000, 0x0000000715700000|
| 344|0x0000000715800000, 0x0000000715800000, 0x0000000715900000|  0%| F|  |TS  0|AC  0|TAMS 0x0000000715800000, 0x0000000715800000|
| 345|0x0000000715900000, 0x0000000715900000, 0x0000000715a00000|  0%| F|  |TS  0|AC  0|TAMS 0x0000000715900000, 0x0000000715900000|
| 346|0x0000000715a00000, 0x0000000715a00000, 0x0000000715b00000|  0%| F|  |TS  0|AC  0|TAMS 0x0000000715a00000, 0x0000000715a00000|
| 347|0x0000000715b00000, 0x0000000715b00000, 0x0000000715c00000|  0%| F|  |TS  0|AC  0|TAMS 0x0000000715b00000, 0x0000000715b00000|
| 348|0x0000000715c00000, 0x0000000715c00000, 0x0000000715d00000|  0%| F|  |TS  0|AC  0|TAMS 0x0000000715c00000, 0x0000000715c00000|
| 349|0x0000000715d00000, 0x0000000715d00000, 0x0000000715e00000|  0%| F|  |TS  0|AC  0|TAMS 0x0000000715d00000, 0x0000000715d00000|
| 350|0x0000000715e00000, 0x0000000715e00000, 0x0000000715f00000|  0%| F|  |TS  0|AC  0|TAMS 0x0000000715e00000, 0x0000000715e00000|
| 351|0x0000000715f00000, 0x0000000715f00000, 0x0000000716000000|  0%| F|  |TS  0|AC  0|TAMS 0x0000000715f00000, 0x0000000715f00000|
| 352|0x0000000716000000, 0x0000000716000000, 0x0000000716100000|  0%| F|  |TS  0|AC  0|TAMS 0x0000000716000000, 0x0000000716000000|
| 353|0x0000000716100000, 0x0000000716100000, 0x0000000716200000|  0%| F|  |TS  0|AC  0|TAMS 0x0000000716100000, 0x0000000716100000|
| 354|0x0000000716200000, 0x0000000716200000, 0x0000000716300000|  0%| F|  |TS  0|AC  0|TAMS 0x0000000716200000, 0x0000000716200000|
| 355|0x0000000716300000, 0x0000000716300000, 0x0000000716400000|  0%| F|  |TS  0|AC  0|TAMS 0x0000000716300000, 0x0000000716300000|
| 356|0x0000000716400000, 0x0000000716400000, 0x0000000716500000|  0%| F|  |TS  0|AC  0|TAMS 0x0000000716400000, 0x0000000716400000|
| 357|0x0000000716500000, 0x0000000716500000, 0x0000000716600000|  0%| F|  |TS  0|AC  0|TAMS 0x0000000716500000, 0x0000000716500000|
| 358|0x0000000716600000, 0x0000000716600000, 0x0000000716700000|  0%| F|  |TS  0|AC  0|TAMS 0x0000000716600000, 0x0000000716600000|
| 359|0x0000000716700000, 0x0000000716700000, 0x0000000716800000|  0%| F|  |TS  0|AC  0|TAMS 0x0000000716700000, 0x0000000716700000|
| 360|0x0000000716800000, 0x0000000716800000, 0x0000000716900000|  0%| F|  |TS  0|AC  0|TAMS 0x0000000716800000, 0x0000000716800000|
| 361|0x0000000716900000, 0x0000000716900000, 0x0000000716a00000|  0%| F|  |TS  0|AC  0|TAMS 0x0000000716900000, 0x0000000716900000|
| 362|0x0000000716a00000, 0x0000000716a00000, 0x0000000716b00000|  0%| F|  |TS  0|AC  0|TAMS 0x0000000716a00000, 0x0000000716a00000|
| 363|0x0000000716b00000, 0x0000000716b00000, 0x0000000716c00000|  0%| F|  |TS  0|AC  0|TAMS 0x0000000716b00000, 0x0000000716b00000|
| 364|0x0000000716c00000, 0x0000000716c00000, 0x0000000716d00000|  0%| F|  |TS  0|AC  0|TAMS 0x0000000716c00000, 0x0000000716c00000|
| 365|0x0000000716d00000, 0x0000000716d00000, 0x0000000716e00000|  0%| F|  |TS  0|AC  0|TAMS 0x0000000716d00000, 0x0000000716d00000|
| 366|0x0000000716e00000, 0x0000000716e00000, 0x0000000716f00000|  0%| F|  |TS  0|AC  0|TAMS 0x0000000716e00000, 0x0000000716e00000|
| 367|0x0000000716f00000, 0x0000000716f00000, 0x0000000717000000|  0%| F|  |TS  0|AC  0|TAMS 0x0000000716f00000, 0x0000000716f00000|
| 368|0x0000000717000000, 0x0000000717000000, 0x0000000717100000|  0%| F|  |TS  0|AC  0|TAMS 0x0000000717000000, 0x0000000717000000|
| 369|0x0000000717100000, 0x0000000717100000, 0x0000000717200000|  0%| F|  |TS  0|AC  0|TAMS 0x0000000717100000, 0x0000000717100000|
| 370|0x0000000717200000, 0x0000000717200000, 0x0000000717300000|  0%| F|  |TS  0|AC  0|TAMS 0x0000000717200000, 0x0000000717200000|
| 371|0x0000000717300000, 0x0000000717300000, 0x0000000717400000|  0%| F|  |TS  0|AC  0|TAMS 0x0000000717300000, 0x0000000717300000|
| 372|0x0000000717400000, 0x0000000717400000, 0x0000000717500000|  0%| F|  |TS  0|AC  0|TAMS 0x0000000717400000, 0x0000000717400000|
| 373|0x0000000717500000, 0x0000000717500000, 0x0000000717600000|  0%| F|  |TS  0|AC  0|TAMS 0x0000000717500000, 0x0000000717500000|
| 374|0x0000000717600000, 0x0000000717600000, 0x0000000717700000|  0%| F|  |TS  0|AC  0|TAMS 0x0000000717600000, 0x0000000717600000|
| 375|0x0000000717700000, 0x0000000717700000, 0x0000000717800000|  0%| F|  |TS  0|AC  0|TAMS 0x0000000717700000, 0x0000000717700000|
| 376|0x0000000717800000, 0x0000000717800000, 0x0000000717900000|  0%| F|  |TS  0|AC  0|TAMS 0x0000000717800000, 0x0000000717800000|
| 377|0x0000000717900000, 0x0000000717900000, 0x0000000717a00000|  0%| F|  |TS  0|AC  0|TAMS 0x0000000717900000, 0x0000000717900000|
| 378|0x0000000717a00000, 0x0000000717a00000, 0x0000000717b00000|  0%| F|  |TS  0|AC  0|TAMS 0x0000000717a00000, 0x0000000717a00000|
| 379|0x0000000717b00000, 0x0000000717b00000, 0x0000000717c00000|  0%| F|  |TS  0|AC  0|TAMS 0x0000000717b00000, 0x0000000717b00000|
| 380|0x0000000717c00000, 0x0000000717c00000, 0x0000000717d00000|  0%| F|  |TS  0|AC  0|TAMS 0x0000000717c00000, 0x0000000717c00000|
| 381|0x0000000717d00000, 0x0000000717d00000, 0x0000000717e00000|  0%| F|  |TS  0|AC  0|TAMS 0x0000000717d00000, 0x0000000717d00000|
| 382|0x0000000717e00000, 0x0000000717e00000, 0x0000000717f00000|  0%| F|  |TS  0|AC  0|TAMS 0x0000000717e00000, 0x0000000717e00000|
| 383|0x0000000717f00000, 0x0000000717f00000, 0x0000000718000000|  0%| F|  |TS  0|AC  0|TAMS 0x0000000717f00000, 0x0000000717f00000|
| 384|0x0000000718000000, 0x0000000718000000, 0x0000000718100000|  0%| F|  |TS  0|AC  0|TAMS 0x0000000718000000, 0x0000000718000000|
| 385|0x0000000718100000, 0x0000000718100000, 0x0000000718200000|  0%| F|  |TS  0|AC  0|TAMS 0x0000000718100000, 0x0000000718100000|
| 386|0x0000000718200000, 0x0000000718200000, 0x0000000718300000|  0%| F|  |TS  0|AC  0|TAMS 0x0000000718200000, 0x0000000718200000|
| 387|0x0000000718300000, 0x0000000718300000, 0x0000000718400000|  0%| F|  |TS  0|AC  0|TAMS 0x0000000718300000, 0x0000000718300000|
| 388|0x0000000718400000, 0x0000000718400000, 0x0000000718500000|  0%| F|  |TS  0|AC  0|TAMS 0x0000000718400000, 0x0000000718400000|
| 389|0x0000000718500000, 0x0000000718500000, 0x0000000718600000|  0%| F|  |TS  0|AC  0|TAMS 0x0000000718500000, 0x0000000718500000|
| 390|0x0000000718600000, 0x0000000718600000, 0x0000000718700000|  0%| F|  |TS  0|AC  0|TAMS 0x0000000718600000, 0x0000000718600000|
| 391|0x0000000718700000, 0x0000000718700000, 0x0000000718800000|  0%| F|  |TS  0|AC  0|TAMS 0x0000000718700000, 0x0000000718700000|
| 392|0x0000000718800000, 0x0000000718800000, 0x0000000718900000|  0%| F|  |TS  0|AC  0|TAMS 0x0000000718800000, 0x0000000718800000|
| 393|0x0000000718900000, 0x0000000718900000, 0x0000000718a00000|  0%| F|  |TS  0|AC  0|TAMS 0x0000000718900000, 0x0000000718900000|
| 394|0x0000000718a00000, 0x0000000718a00000, 0x0000000718b00000|  0%| F|  |TS  0|AC  0|TAMS 0x0000000718a00000, 0x0000000718a00000|
| 395|0x0000000718b00000, 0x0000000718b00000, 0x0000000718c00000|  0%| F|  |TS  0|AC  0|TAMS 0x0000000718b00000, 0x0000000718b00000|
| 396|0x0000000718c00000, 0x0000000718c00000, 0x0000000718d00000|  0%| F|  |TS  0|AC  0|TAMS 0x0000000718c00000, 0x0000000718c00000|
| 397|0x0000000718d00000, 0x0000000718d00000, 0x0000000718e00000|  0%| F|  |TS  0|AC  0|TAMS 0x0000000718d00000, 0x0000000718d00000|
| 398|0x0000000718e00000, 0x0000000718e00000, 0x0000000718f00000|  0%| F|  |TS  0|AC  0|TAMS 0x0000000718e00000, 0x0000000718e00000|
| 399|0x0000000718f00000, 0x0000000718f00000, 0x0000000719000000|  0%| F|  |TS  0|AC  0|TAMS 0x0000000718f00000, 0x0000000718f00000|
| 400|0x0000000719000000, 0x0000000719000000, 0x0000000719100000|  0%| F|  |TS  0|AC  0|TAMS 0x0000000719000000, 0x0000000719000000|
| 401|0x0000000719100000, 0x0000000719100000, 0x0000000719200000|  0%| F|  |TS  0|AC  0|TAMS 0x0000000719100000, 0x0000000719100000|
| 402|0x0000000719200000, 0x0000000719200000, 0x0000000719300000|  0%| F|  |TS  0|AC  0|TAMS 0x0000000719200000, 0x0000000719200000|
| 403|0x0000000719300000, 0x0000000719300000, 0x0000000719400000|  0%| F|  |TS  0|AC  0|TAMS 0x0000000719300000, 0x0000000719300000|
| 404|0x0000000719400000, 0x0000000719400000, 0x0000000719500000|  0%| F|  |TS  0|AC  0|TAMS 0x0000000719400000, 0x0000000719400000|
| 405|0x0000000719500000, 0x0000000719500000, 0x0000000719600000|  0%| F|  |TS  0|AC  0|TAMS 0x0000000719500000, 0x0000000719500000|
| 406|0x0000000719600000, 0x0000000719600000, 0x0000000719700000|  0%| F|  |TS  0|AC  0|TAMS 0x0000000719600000, 0x0000000719600000|
| 407|0x0000000719700000, 0x0000000719700000, 0x0000000719800000|  0%| F|  |TS  0|AC  0|TAMS 0x0000000719700000, 0x0000000719700000|
| 408|0x0000000719800000, 0x0000000719800000, 0x0000000719900000|  0%| F|  |TS  0|AC  0|TAMS 0x0000000719800000, 0x0000000719800000|
| 409|0x0000000719900000, 0x0000000719900000, 0x0000000719a00000|  0%| F|  |TS  0|AC  0|TAMS 0x0000000719900000, 0x0000000719900000|
| 410|0x0000000719a00000, 0x0000000719a00000, 0x0000000719b00000|  0%| F|  |TS  0|AC  0|TAMS 0x0000000719a00000, 0x0000000719a00000|
| 411|0x0000000719b00000, 0x0000000719b00000, 0x0000000719c00000|  0%| F|  |TS  0|AC  0|TAMS 0x0000000719b00000, 0x0000000719b00000|
| 412|0x0000000719c00000, 0x0000000719c00000, 0x0000000719d00000|  0%| F|  |TS  0|AC  0|TAMS 0x0000000719c00000, 0x0000000719c00000|
| 413|0x0000000719d00000, 0x0000000719d00000, 0x0000000719e00000|  0%| F|  |TS  0|AC  0|TAMS 0x0000000719d00000, 0x0000000719d00000|
| 414|0x0000000719e00000, 0x0000000719e00000, 0x0000000719f00000|  0%| F|  |TS  0|AC  0|TAMS 0x0000000719e00000, 0x0000000719e00000|
| 415|0x0000000719f00000, 0x0000000719f00000, 0x000000071a000000|  0%| F|  |TS  0|AC  0|TAMS 0x0000000719f00000, 0x0000000719f00000|
| 416|0x000000071a000000, 0x000000071a000000, 0x000000071a100000|  0%| F|  |TS  0|AC  0|TAMS 0x000000071a000000, 0x000000071a000000|
| 417|0x000000071a100000, 0x000000071a100000, 0x000000071a200000|  0%| F|  |TS  0|AC  0|TAMS 0x000000071a100000, 0x000000071a100000|
| 418|0x000000071a200000, 0x000000071a200000, 0x000000071a300000|  0%| F|  |TS  0|AC  0|TAMS 0x000000071a200000, 0x000000071a200000|
| 419|0x000000071a300000, 0x000000071a300000, 0x000000071a400000|  0%| F|  |TS  0|AC  0|TAMS 0x000000071a300000, 0x000000071a300000|
| 420|0x000000071a400000, 0x000000071a400000, 0x000000071a500000|  0%| F|  |TS  0|AC  0|TAMS 0x000000071a400000, 0x000000071a400000|
| 421|0x000000071a500000, 0x000000071a500000, 0x000000071a600000|  0%| F|  |TS  0|AC  0|TAMS 0x000000071a500000, 0x000000071a500000|
| 422|0x000000071a600000, 0x000000071a600000, 0x000000071a700000|  0%| F|  |TS  0|AC  0|TAMS 0x000000071a600000, 0x000000071a600000|
| 423|0x000000071a700000, 0x000000071a700000, 0x000000071a800000|  0%| F|  |TS  0|AC  0|TAMS 0x000000071a700000, 0x000000071a700000|
| 424|0x000000071a800000, 0x000000071a800000, 0x000000071a900000|  0%| F|  |TS  0|AC  0|TAMS 0x000000071a800000, 0x000000071a800000|
| 425|0x000000071a900000, 0x000000071a900000, 0x000000071aa00000|  0%| F|  |TS  0|AC  0|TAMS 0x000000071a900000, 0x000000071a900000|
| 426|0x000000071aa00000, 0x000000071aa00000, 0x000000071ab00000|  0%| F|  |TS  0|AC  0|TAMS 0x000000071aa00000, 0x000000071aa00000|
| 427|0x000000071ab00000, 0x000000071ab00000, 0x000000071ac00000|  0%| F|  |TS  0|AC  0|TAMS 0x000000071ab00000, 0x000000071ab00000|
| 428|0x000000071ac00000, 0x000000071ac00000, 0x000000071ad00000|  0%| F|  |TS  0|AC  0|TAMS 0x000000071ac00000, 0x000000071ac00000|
| 429|0x000000071ad00000, 0x000000071ad00000, 0x000000071ae00000|  0%| F|  |TS  0|AC  0|TAMS 0x000000071ad00000, 0x000000071ad00000|
| 430|0x000000071ae00000, 0x000000071ae00000, 0x000000071af00000|  0%| F|  |TS  0|AC  0|TAMS 0x000000071ae00000, 0x000000071ae00000|
| 431|0x000000071af00000, 0x000000071af00000, 0x000000071b000000|  0%| F|  |TS497|AC  0|TAMS 0x000000071af00000, 0x000000071af00000|
| 432|0x000000071b000000, 0x000000071b000000, 0x000000071b100000|  0%| F|  |TS497|AC  0|TAMS 0x000000071b000000, 0x000000071b000000|
| 433|0x000000071b100000, 0x000000071b100000, 0x000000071b200000|  0%| F|  |TS497|AC  0|TAMS 0x000000071b100000, 0x000000071b100000|
| 434|0x000000071b200000, 0x000000071b200000, 0x000000071b300000|  0%| F|  |TS495|AC  0|TAMS 0x000000071b200000, 0x000000071b200000|
| 435|0x000000071b300000, 0x000000071b300000, 0x000000071b400000|  0%| F|  |TS495|AC  0|TAMS 0x000000071b300000, 0x000000071b300000|
| 436|0x000000071b400000, 0x000000071b400000, 0x000000071b500000|  0%| F|  |TS495|AC  0|TAMS 0x000000071b400000, 0x000000071b400000|
| 437|0x000000071b500000, 0x000000071b500000, 0x000000071b600000|  0%| F|  |TS499|AC  0|TAMS 0x000000071b500000, 0x000000071b500000|
| 438|0x000000071b600000, 0x000000071b600000, 0x000000071b700000|  0%| F|  |TS497|AC  0|TAMS 0x000000071b600000, 0x000000071b600000|
| 439|0x000000071b700000, 0x000000071b700000, 0x000000071b800000|  0%| F|  |TS497|AC  0|TAMS 0x000000071b700000, 0x000000071b700000|
| 440|0x000000071b800000, 0x000000071b800000, 0x000000071b900000|  0%| F|  |TS497|AC  0|TAMS 0x000000071b800000, 0x000000071b800000|
| 441|0x000000071b900000, 0x000000071b900000, 0x000000071ba00000|  0%| F|  |TS497|AC  0|TAMS 0x000000071b900000, 0x000000071b900000|
| 442|0x000000071ba00000, 0x000000071ba00000, 0x000000071bb00000|  0%| F|  |TS499|AC  0|TAMS 0x000000071ba00000, 0x000000071ba00000|
| 443|0x000000071bb00000, 0x000000071bb00000, 0x000000071bc00000|  0%| F|  |TS499|AC  0|TAMS 0x000000071bb00000, 0x000000071bb00000|
| 444|0x000000071bc00000, 0x000000071bc00000, 0x000000071bd00000|  0%| F|  |TS499|AC  0|TAMS 0x000000071bc00000, 0x000000071bc00000|
| 445|0x000000071bd00000, 0x000000071bd00000, 0x000000071be00000|  0%| F|  |TS497|AC  0|TAMS 0x000000071bd00000, 0x000000071bd00000|
| 446|0x000000071be00000, 0x000000071be00000, 0x000000071bf00000|  0%| F|  |TS497|AC  0|TAMS 0x000000071be00000, 0x000000071be00000|
| 447|0x000000071bf00000, 0x000000071bf00000, 0x000000071c000000|  0%| F|  |TS497|AC  0|TAMS 0x000000071bf00000, 0x000000071bf00000|
| 448|0x000000071c000000, 0x000000071c000000, 0x000000071c100000|  0%| F|  |TS497|AC  0|TAMS 0x000000071c000000, 0x000000071c000000|
| 449|0x000000071c100000, 0x000000071c100000, 0x000000071c200000|  0%| F|  |TS497|AC  0|TAMS 0x000000071c100000, 0x000000071c100000|
| 450|0x000000071c200000, 0x000000071c200000, 0x000000071c300000|  0%| F|  |TS497|AC  0|TAMS 0x000000071c200000, 0x000000071c200000|
| 451|0x000000071c300000, 0x000000071c300000, 0x000000071c400000|  0%| F|  |TS497|AC  0|TAMS 0x000000071c300000, 0x000000071c300000|
| 452|0x000000071c400000, 0x000000071c400000, 0x000000071c500000|  0%| F|  |TS497|AC  0|TAMS 0x000000071c400000, 0x000000071c400000|
| 453|0x000000071c500000, 0x000000071c500000, 0x000000071c600000|  0%| F|  |TS497|AC  0|TAMS 0x000000071c500000, 0x000000071c500000|
| 454|0x000000071c600000, 0x000000071c600000, 0x000000071c700000|  0%| F|  |TS497|AC  0|TAMS 0x000000071c600000, 0x000000071c600000|
| 455|0x000000071c700000, 0x000000071c700000, 0x000000071c800000|  0%| F|  |TS497|AC  0|TAMS 0x000000071c700000, 0x000000071c700000|
| 456|0x000000071c800000, 0x000000071c800000, 0x000000071c900000|  0%| F|  |TS497|AC  0|TAMS 0x000000071c800000, 0x000000071c800000|
| 457|0x000000071c900000, 0x000000071c900000, 0x000000071ca00000|  0%| F|  |TS497|AC  0|TAMS 0x000000071c900000, 0x000000071c900000|
| 458|0x000000071ca00000, 0x000000071ca00000, 0x000000071cb00000|  0%| F|  |TS497|AC  0|TAMS 0x000000071ca00000, 0x000000071ca00000|
| 459|0x000000071cb00000, 0x000000071cb00000, 0x000000071cc00000|  0%| F|  |TS497|AC  0|TAMS 0x000000071cb00000, 0x000000071cb00000|
| 460|0x000000071cc00000, 0x000000071cc00000, 0x000000071cd00000|  0%| F|  |TS497|AC  0|TAMS 0x000000071cc00000, 0x000000071cc00000|
| 461|0x000000071cd00000, 0x000000071cd00000, 0x000000071ce00000|  0%| F|  |TS497|AC  0|TAMS 0x000000071cd00000, 0x000000071cd00000|
| 462|0x000000071ce00000, 0x000000071ce00000, 0x000000071cf00000|  0%| F|  |TS497|AC  0|TAMS 0x000000071ce00000, 0x000000071ce00000|
| 463|0x000000071cf00000, 0x000000071cf00000, 0x000000071d000000|  0%| F|  |TS497|AC  0|TAMS 0x000000071cf00000, 0x000000071cf00000|
| 464|0x000000071d000000, 0x000000071d000000, 0x000000071d100000|  0%| F|  |TS497|AC  0|TAMS 0x000000071d000000, 0x000000071d000000|
| 465|0x000000071d100000, 0x000000071d100000, 0x000000071d200000|  0%| F|  |TS497|AC  0|TAMS 0x000000071d100000, 0x000000071d100000|
| 466|0x000000071d200000, 0x000000071d200000, 0x000000071d300000|  0%| F|  |TS497|AC  0|TAMS 0x000000071d200000, 0x000000071d200000|
| 467|0x000000071d300000, 0x000000071d300000, 0x000000071d400000|  0%| F|  |TS497|AC  0|TAMS 0x000000071d300000, 0x000000071d300000|
| 468|0x000000071d400000, 0x000000071d400000, 0x000000071d500000|  0%| F|  |TS497|AC  0|TAMS 0x000000071d400000, 0x000000071d400000|
| 469|0x000000071d500000, 0x000000071d500000, 0x000000071d600000|  0%| F|  |TS497|AC  0|TAMS 0x000000071d500000, 0x000000071d500000|
| 470|0x000000071d600000, 0x000000071d600000, 0x000000071d700000|  0%| F|  |TS497|AC  0|TAMS 0x000000071d600000, 0x000000071d600000|
| 471|0x000000071d700000, 0x000000071d700000, 0x000000071d800000|  0%| F|  |TS497|AC  0|TAMS 0x000000071d700000, 0x000000071d700000|
| 472|0x000000071d800000, 0x000000071d800000, 0x000000071d900000|  0%| F|  |TS497|AC  0|TAMS 0x000000071d800000, 0x000000071d800000|
| 473|0x000000071d900000, 0x000000071d900000, 0x000000071da00000|  0%| F|  |TS497|AC  0|TAMS 0x000000071d900000, 0x000000071d900000|
| 474|0x000000071da00000, 0x000000071da00000, 0x000000071db00000|  0%| F|  |TS497|AC  0|TAMS 0x000000071da00000, 0x000000071da00000|
| 475|0x000000071db00000, 0x000000071db00000, 0x000000071dc00000|  0%| F|  |TS497|AC  0|TAMS 0x000000071db00000, 0x000000071db00000|
| 476|0x000000071dc00000, 0x000000071dc00000, 0x000000071dd00000|  0%| F|  |TS497|AC  0|TAMS 0x000000071dc00000, 0x000000071dc00000|
| 477|0x000000071dd00000, 0x000000071dd00000, 0x000000071de00000|  0%| F|  |TS497|AC  0|TAMS 0x000000071dd00000, 0x000000071dd00000|
| 478|0x000000071de00000, 0x000000071de00000, 0x000000071df00000|  0%| F|  |TS497|AC  0|TAMS 0x000000071de00000, 0x000000071de00000|
| 479|0x000000071df00000, 0x000000071df00000, 0x000000071e000000|  0%| F|  |TS497|AC  0|TAMS 0x000000071df00000, 0x000000071df00000|
| 480|0x000000071e000000, 0x000000071e000000, 0x000000071e100000|  0%| F|  |TS497|AC  0|TAMS 0x000000071e000000, 0x000000071e000000|
| 481|0x000000071e100000, 0x000000071e100000, 0x000000071e200000|  0%| F|  |TS497|AC  0|TAMS 0x000000071e100000, 0x000000071e100000|
| 482|0x000000071e200000, 0x000000071e200000, 0x000000071e300000|  0%| F|  |TS497|AC  0|TAMS 0x000000071e200000, 0x000000071e200000|
| 483|0x000000071e300000, 0x000000071e300000, 0x000000071e400000|  0%| F|  |TS497|AC  0|TAMS 0x000000071e300000, 0x000000071e300000|
| 484|0x000000071e400000, 0x000000071e400000, 0x000000071e500000|  0%| F|  |TS497|AC  0|TAMS 0x000000071e400000, 0x000000071e400000|
| 485|0x000000071e500000, 0x000000071e500000, 0x000000071e600000|  0%| F|  |TS497|AC  0|TAMS 0x000000071e500000, 0x000000071e500000|
| 486|0x000000071e600000, 0x000000071e600000, 0x000000071e700000|  0%| F|  |TS497|AC  0|TAMS 0x000000071e600000, 0x000000071e600000|
| 487|0x000000071e700000, 0x000000071e700000, 0x000000071e800000|  0%| F|  |TS497|AC  0|TAMS 0x000000071e700000, 0x000000071e700000|
| 488|0x000000071e800000, 0x000000071e800000, 0x000000071e900000|  0%| F|  |TS497|AC  0|TAMS 0x000000071e800000, 0x000000071e800000|
| 489|0x000000071e900000, 0x000000071e900000, 0x000000071ea00000|  0%| F|  |TS497|AC  0|TAMS 0x000000071e900000, 0x000000071e900000|
| 490|0x000000071ea00000, 0x000000071ea00000, 0x000000071eb00000|  0%| F|  |TS497|AC  0|TAMS 0x000000071ea00000, 0x000000071ea00000|
| 491|0x000000071eb00000, 0x000000071eb00000, 0x000000071ec00000|  0%| F|  |TS497|AC  0|TAMS 0x000000071eb00000, 0x000000071eb00000|
| 492|0x000000071ec00000, 0x000000071ec00000, 0x000000071ed00000|  0%| F|  |TS497|AC  0|TAMS 0x000000071ec00000, 0x000000071ec00000|
| 493|0x000000071ed00000, 0x000000071ed00000, 0x000000071ee00000|  0%| F|  |TS497|AC  0|TAMS 0x000000071ed00000, 0x000000071ed00000|
| 494|0x000000071ee00000, 0x000000071ee00000, 0x000000071ef00000|  0%| F|  |TS497|AC  0|TAMS 0x000000071ee00000, 0x000000071ee00000|
| 495|0x000000071ef00000, 0x000000071ef00000, 0x000000071f000000|  0%| F|  |TS497|AC  0|TAMS 0x000000071ef00000, 0x000000071ef00000|
| 496|0x000000071f000000, 0x000000071f000000, 0x000000071f100000|  0%| F|  |TS497|AC  0|TAMS 0x000000071f000000, 0x000000071f000000|
| 497|0x000000071f100000, 0x000000071f100000, 0x000000071f200000|  0%| F|  |TS497|AC  0|TAMS 0x000000071f100000, 0x000000071f100000|
| 498|0x000000071f200000, 0x000000071f200000, 0x000000071f300000|  0%| F|  |TS497|AC  0|TAMS 0x000000071f200000, 0x000000071f200000|
| 499|0x000000071f300000, 0x000000071f300000, 0x000000071f400000|  0%| F|  |TS497|AC  0|TAMS 0x000000071f300000, 0x000000071f300000|
| 500|0x000000071f400000, 0x000000071f400000, 0x000000071f500000|  0%| F|  |TS497|AC  0|TAMS 0x000000071f400000, 0x000000071f400000|
| 501|0x000000071f500000, 0x000000071f500000, 0x000000071f600000|  0%| F|  |TS497|AC  0|TAMS 0x000000071f500000, 0x000000071f500000|
| 502|0x000000071f600000, 0x000000071f600000, 0x000000071f700000|  0%| F|  |TS497|AC  0|TAMS 0x000000071f600000, 0x000000071f600000|
| 503|0x000000071f700000, 0x000000071f700000, 0x000000071f800000|  0%| F|  |TS497|AC  0|TAMS 0x000000071f700000, 0x000000071f700000|
| 504|0x000000071f800000, 0x000000071f800000, 0x000000071f900000|  0%| F|  |TS497|AC  0|TAMS 0x000000071f800000, 0x000000071f800000|
| 505|0x000000071f900000, 0x000000071f900000, 0x000000071fa00000|  0%| F|  |TS497|AC  0|TAMS 0x000000071f900000, 0x000000071f900000|
| 506|0x000000071fa00000, 0x000000071fa00000, 0x000000071fb00000|  0%| F|  |TS497|AC  0|TAMS 0x000000071fa00000, 0x000000071fa00000|
| 507|0x000000071fb00000, 0x000000071fb00000, 0x000000071fc00000|  0%| F|  |TS497|AC  0|TAMS 0x000000071fb00000, 0x000000071fb00000|
| 508|0x000000071fc00000, 0x000000071fc00000, 0x000000071fd00000|  0%| F|  |TS497|AC  0|TAMS 0x000000071fc00000, 0x000000071fc00000|
| 509|0x000000071fd00000, 0x000000071fd00000, 0x000000071fe00000|  0%| F|  |TS497|AC  0|TAMS 0x000000071fd00000, 0x000000071fd00000|
| 510|0x000000071fe00000, 0x000000071fe00000, 0x000000071ff00000|  0%| F|  |TS497|AC  0|TAMS 0x000000071fe00000, 0x000000071fe00000|
| 511|0x000000071ff00000, 0x000000071ff00000, 0x0000000720000000|  0%| F|  |TS497|AC  0|TAMS 0x000000071ff00000, 0x000000071ff00000|
| 512|0x0000000720000000, 0x0000000720000000, 0x0000000720100000|  0%| F|  |TS497|AC  0|TAMS 0x0000000720000000, 0x0000000720000000|
| 513|0x0000000720100000, 0x0000000720100000, 0x0000000720200000|  0%| F|  |TS497|AC  0|TAMS 0x0000000720100000, 0x0000000720100000|
| 514|0x0000000720200000, 0x0000000720200000, 0x0000000720300000|  0%| F|  |TS497|AC  0|TAMS 0x0000000720200000, 0x0000000720200000|
| 515|0x0000000720300000, 0x0000000720300000, 0x0000000720400000|  0%| F|  |TS497|AC  0|TAMS 0x0000000720300000, 0x0000000720300000|
| 516|0x0000000720400000, 0x0000000720400000, 0x0000000720500000|  0%| F|  |TS497|AC  0|TAMS 0x0000000720400000, 0x0000000720400000|
| 517|0x0000000720500000, 0x0000000720500000, 0x0000000720600000|  0%| F|  |TS497|AC  0|TAMS 0x0000000720500000, 0x0000000720500000|
| 518|0x0000000720600000, 0x0000000720600000, 0x0000000720700000|  0%| F|  |TS497|AC  0|TAMS 0x0000000720600000, 0x0000000720600000|
| 519|0x0000000720700000, 0x0000000720700000, 0x0000000720800000|  0%| F|  |TS497|AC  0|TAMS 0x0000000720700000, 0x0000000720700000|
| 520|0x0000000720800000, 0x0000000720800000, 0x0000000720900000|  0%| F|  |TS497|AC  0|TAMS 0x0000000720800000, 0x0000000720800000|
| 521|0x0000000720900000, 0x0000000720900000, 0x0000000720a00000|  0%| F|  |TS497|AC  0|TAMS 0x0000000720900000, 0x0000000720900000|
| 522|0x0000000720a00000, 0x0000000720a00000, 0x0000000720b00000|  0%| F|  |TS497|AC  0|TAMS 0x0000000720a00000, 0x0000000720a00000|
| 523|0x0000000720b00000, 0x0000000720b00000, 0x0000000720c00000|  0%| F|  |TS497|AC  0|TAMS 0x0000000720b00000, 0x0000000720b00000|
| 524|0x0000000720c00000, 0x0000000720c00000, 0x0000000720d00000|  0%| F|  |TS497|AC  0|TAMS 0x0000000720c00000, 0x0000000720c00000|
| 525|0x0000000720d00000, 0x0000000720d00000, 0x0000000720e00000|  0%| F|  |TS497|AC  0|TAMS 0x0000000720d00000, 0x0000000720d00000|
| 526|0x0000000720e00000, 0x0000000720e00000, 0x0000000720f00000|  0%| F|  |TS497|AC  0|TAMS 0x0000000720e00000, 0x0000000720e00000|
| 527|0x0000000720f00000, 0x0000000720f00000, 0x0000000721000000|  0%| F|  |TS497|AC  0|TAMS 0x0000000720f00000, 0x0000000720f00000|
| 528|0x0000000721000000, 0x0000000721000000, 0x0000000721100000|  0%| F|  |TS497|AC  0|TAMS 0x0000000721000000, 0x0000000721000000|
| 529|0x0000000721100000, 0x0000000721100000, 0x0000000721200000|  0%| F|  |TS497|AC  0|TAMS 0x0000000721100000, 0x0000000721100000|
| 530|0x0000000721200000, 0x0000000721200000, 0x0000000721300000|  0%| F|  |TS497|AC  0|TAMS 0x0000000721200000, 0x0000000721200000|
| 531|0x0000000721300000, 0x0000000721300000, 0x0000000721400000|  0%| F|  |TS497|AC  0|TAMS 0x0000000721300000, 0x0000000721300000|
| 532|0x0000000721400000, 0x0000000721400000, 0x0000000721500000|  0%| F|  |TS867|AC  0|TAMS 0x0000000721400000, 0x0000000721400000|
| 533|0x0000000721500000, 0x0000000721500000, 0x0000000721600000|  0%| F|  |TS867|AC  0|TAMS 0x0000000721500000, 0x0000000721500000|
| 534|0x0000000721600000, 0x0000000721600000, 0x0000000721700000|  0%| F|  |TS885|AC  0|TAMS 0x0000000721600000, 0x0000000721600000|
| 535|0x0000000721700000, 0x0000000721700000, 0x0000000721800000|  0%| F|  |TS959|AC  0|TAMS 0x0000000721700000, 0x0000000721700000|
| 536|0x0000000721800000, 0x0000000721800000, 0x0000000721900000|  0%| F|  |TS959|AC  0|TAMS 0x0000000721800000, 0x0000000721800000|
| 537|0x0000000721900000, 0x0000000721900000, 0x0000000721a00000|  0%| F|  |TS959|AC  0|TAMS 0x0000000721900000, 0x0000000721900000|
| 538|0x0000000721a00000, 0x0000000721a00000, 0x0000000721b00000|  0%| F|  |TS961|AC  0|TAMS 0x0000000721a00000, 0x0000000721a00000|
| 539|0x0000000721b00000, 0x0000000721b00000, 0x0000000721c00000|  0%| F|  |TS961|AC  0|TAMS 0x0000000721b00000, 0x0000000721b00000|
| 540|0x0000000721c00000, 0x0000000721c00000, 0x0000000721d00000|  0%| F|  |TS961|AC  0|TAMS 0x0000000721c00000, 0x0000000721c00000|
| 541|0x0000000721d00000, 0x0000000721d00000, 0x0000000721e00000|  0%| F|  |TS959|AC  0|TAMS 0x0000000721d00000, 0x0000000721d00000|
| 542|0x0000000721e00000, 0x0000000721e00000, 0x0000000721f00000|  0%| F|  |TS959|AC  0|TAMS 0x0000000721e00000, 0x0000000721e00000|
| 543|0x0000000721f00000, 0x0000000721f00000, 0x0000000722000000|  0%| F|  |TS959|AC  0|TAMS 0x0000000721f00000, 0x0000000721f00000|
| 544|0x0000000722000000, 0x0000000722000000, 0x0000000722100000|  0%| F|  |TS959|AC  0|TAMS 0x0000000722000000, 0x0000000722000000|
| 545|0x0000000722100000, 0x0000000722100000, 0x0000000722200000|  0%| F|  |TS959|AC  0|TAMS 0x0000000722100000, 0x0000000722100000|
| 546|0x0000000722200000, 0x0000000722200000, 0x0000000722300000|  0%| F|  |TS959|AC  0|TAMS 0x0000000722200000, 0x0000000722200000|
| 547|0x0000000722300000, 0x0000000722300000, 0x0000000722400000|  0%| F|  |TS959|AC  0|TAMS 0x0000000722300000, 0x0000000722300000|
| 548|0x0000000722400000, 0x0000000722400000, 0x0000000722500000|  0%| F|  |TS959|AC  0|TAMS 0x0000000722400000, 0x0000000722400000|
| 549|0x0000000722500000, 0x0000000722500000, 0x0000000722600000|  0%| F|  |TS959|AC  0|TAMS 0x0000000722500000, 0x0000000722500000|
| 550|0x0000000722600000, 0x0000000722600000, 0x0000000722700000|  0%| F|  |TS959|AC  0|TAMS 0x0000000722600000, 0x0000000722600000|
| 551|0x0000000722700000, 0x0000000722700000, 0x0000000722800000|  0%| F|  |TS959|AC  0|TAMS 0x0000000722700000, 0x0000000722700000|
| 552|0x0000000722800000, 0x0000000722800000, 0x0000000722900000|  0%| F|  |TS959|AC  0|TAMS 0x0000000722800000, 0x0000000722800000|
| 553|0x0000000722900000, 0x0000000722900000, 0x0000000722a00000|  0%| F|  |TS959|AC  0|TAMS 0x0000000722900000, 0x0000000722900000|
| 554|0x0000000722a00000, 0x0000000722a00000, 0x0000000722b00000|  0%| F|  |TS959|AC  0|TAMS 0x0000000722a00000, 0x0000000722a00000|
| 555|0x0000000722b00000, 0x0000000722b00000, 0x0000000722c00000|  0%| F|  |TS959|AC  0|TAMS 0x0000000722b00000, 0x0000000722b00000|
| 556|0x0000000722c00000, 0x0000000722c00000, 0x0000000722d00000|  0%| F|  |TS959|AC  0|TAMS 0x0000000722c00000, 0x0000000722c00000|
| 557|0x0000000722d00000, 0x0000000722d00000, 0x0000000722e00000|  0%| F|  |TS959|AC  0|TAMS 0x0000000722d00000, 0x0000000722d00000|
| 558|0x0000000722e00000, 0x0000000722e00000, 0x0000000722f00000|  0%| F|  |TS959|AC  0|TAMS 0x0000000722e00000, 0x0000000722e00000|
| 559|0x0000000722f00000, 0x0000000722f00000, 0x0000000723000000|  0%| F|  |TS959|AC  0|TAMS 0x0000000722f00000, 0x0000000722f00000|
| 560|0x0000000723000000, 0x0000000723000000, 0x0000000723100000|  0%| F|  |TS959|AC  0|TAMS 0x0000000723000000, 0x0000000723000000|
| 561|0x0000000723100000, 0x0000000723100000, 0x0000000723200000|  0%| F|  |TS959|AC  0|TAMS 0x0000000723100000, 0x0000000723100000|
| 562|0x0000000723200000, 0x0000000723200000, 0x0000000723300000|  0%| F|  |TS959|AC  0|TAMS 0x0000000723200000, 0x0000000723200000|
| 563|0x0000000723300000, 0x0000000723300000, 0x0000000723400000|  0%| F|  |TS959|AC  0|TAMS 0x0000000723300000, 0x0000000723300000|
| 564|0x0000000723400000, 0x0000000723400000, 0x0000000723500000|  0%| F|  |TS959|AC  0|TAMS 0x0000000723400000, 0x0000000723400000|
| 565|0x0000000723500000, 0x0000000723500000, 0x0000000723600000|  0%| F|  |TS959|AC  0|TAMS 0x0000000723500000, 0x0000000723500000|
| 566|0x0000000723600000, 0x0000000723600000, 0x0000000723700000|  0%| F|  |TS959|AC  0|TAMS 0x0000000723600000, 0x0000000723600000|
| 567|0x0000000723700000, 0x0000000723700000, 0x0000000723800000|  0%| F|  |TS959|AC  0|TAMS 0x0000000723700000, 0x0000000723700000|
| 568|0x0000000723800000, 0x0000000723800000, 0x0000000723900000|  0%| F|  |TS959|AC  0|TAMS 0x0000000723800000, 0x0000000723800000|
| 569|0x0000000723900000, 0x0000000723900000, 0x0000000723a00000|  0%| F|  |TS959|AC  0|TAMS 0x0000000723900000, 0x0000000723900000|
| 570|0x0000000723a00000, 0x0000000723a00000, 0x0000000723b00000|  0%| F|  |TS959|AC  0|TAMS 0x0000000723a00000, 0x0000000723a00000|
| 571|0x0000000723b00000, 0x0000000723b00000, 0x0000000723c00000|  0%| F|  |TS959|AC  0|TAMS 0x0000000723b00000, 0x0000000723b00000|
| 572|0x0000000723c00000, 0x0000000723c00000, 0x0000000723d00000|  0%| F|  |TS959|AC  0|TAMS 0x0000000723c00000, 0x0000000723c00000|
| 573|0x0000000723d00000, 0x0000000723d00000, 0x0000000723e00000|  0%| F|  |TS959|AC  0|TAMS 0x0000000723d00000, 0x0000000723d00000|
| 574|0x0000000723e00000, 0x0000000723e00000, 0x0000000723f00000|  0%| F|  |TS959|AC  0|TAMS 0x0000000723e00000, 0x0000000723e00000|
| 575|0x0000000723f00000, 0x0000000723f00000, 0x0000000724000000|  0%| F|  |TS959|AC  0|TAMS 0x0000000723f00000, 0x0000000723f00000|
| 576|0x0000000724000000, 0x0000000724000000, 0x0000000724100000|  0%| F|  |TS959|AC  0|TAMS 0x0000000724000000, 0x0000000724000000|
| 577|0x0000000724100000, 0x0000000724100000, 0x0000000724200000|  0%| F|  |TS959|AC  0|TAMS 0x0000000724100000, 0x0000000724100000|
| 578|0x0000000724200000, 0x0000000724200000, 0x0000000724300000|  0%| F|  |TS959|AC  0|TAMS 0x0000000724200000, 0x0000000724200000|
| 579|0x0000000724300000, 0x0000000724300000, 0x0000000724400000|  0%| F|  |TS959|AC  0|TAMS 0x0000000724300000, 0x0000000724300000|
| 580|0x0000000724400000, 0x0000000724400000, 0x0000000724500000|  0%| F|  |TS959|AC  0|TAMS 0x0000000724400000, 0x0000000724400000|
| 581|0x0000000724500000, 0x0000000724500000, 0x0000000724600000|  0%| F|  |TS959|AC  0|TAMS 0x0000000724500000, 0x0000000724500000|
| 582|0x0000000724600000, 0x0000000724600000, 0x0000000724700000|  0%| F|  |TS959|AC  0|TAMS 0x0000000724600000, 0x0000000724600000|
| 583|0x0000000724700000, 0x0000000724700000, 0x0000000724800000|  0%| F|  |TS959|AC  0|TAMS 0x0000000724700000, 0x0000000724700000|
| 584|0x0000000724800000, 0x0000000724800000, 0x0000000724900000|  0%| F|  |TS959|AC  0|TAMS 0x0000000724800000, 0x0000000724800000|
| 585|0x0000000724900000, 0x0000000724900000, 0x0000000724a00000|  0%| F|  |TS959|AC  0|TAMS 0x0000000724900000, 0x0000000724900000|
| 586|0x0000000724a00000, 0x0000000724a00000, 0x0000000724b00000|  0%| F|  |TS959|AC  0|TAMS 0x0000000724a00000, 0x0000000724a00000|
| 587|0x0000000724b00000, 0x0000000724b00000, 0x0000000724c00000|  0%| F|  |TS959|AC  0|TAMS 0x0000000724b00000, 0x0000000724b00000|
| 588|0x0000000724c00000, 0x0000000724c00000, 0x0000000724d00000|  0%| F|  |TS959|AC  0|TAMS 0x0000000724c00000, 0x0000000724c00000|
| 589|0x0000000724d00000, 0x0000000724d00000, 0x0000000724e00000|  0%| F|  |TS959|AC  0|TAMS 0x0000000724d00000, 0x0000000724d00000|
| 590|0x0000000724e00000, 0x0000000724e00000, 0x0000000724f00000|  0%| F|  |TS959|AC  0|TAMS 0x0000000724e00000, 0x0000000724e00000|
| 591|0x0000000724f00000, 0x0000000724f00000, 0x0000000725000000|  0%| F|  |TS959|AC  0|TAMS 0x0000000724f00000, 0x0000000724f00000|
| 592|0x0000000725000000, 0x0000000725000000, 0x0000000725100000|  0%| F|  |TS959|AC  0|TAMS 0x0000000725000000, 0x0000000725000000|
| 593|0x0000000725100000, 0x0000000725100000, 0x0000000725200000|  0%| F|  |TS959|AC  0|TAMS 0x0000000725100000, 0x0000000725100000|
| 594|0x0000000725200000, 0x0000000725200000, 0x0000000725300000|  0%| F|  |TS959|AC  0|TAMS 0x0000000725200000, 0x0000000725200000|
| 595|0x0000000725300000, 0x0000000725300000, 0x0000000725400000|  0%| F|  |TS959|AC  0|TAMS 0x0000000725300000, 0x0000000725300000|
| 596|0x0000000725400000, 0x0000000725400000, 0x0000000725500000|  0%| F|  |TS959|AC  0|TAMS 0x0000000725400000, 0x0000000725400000|
| 597|0x0000000725500000, 0x0000000725500000, 0x0000000725600000|  0%| F|  |TS959|AC  0|TAMS 0x0000000725500000, 0x0000000725500000|
| 598|0x0000000725600000, 0x0000000725600000, 0x0000000725700000|  0%| F|  |TS959|AC  0|TAMS 0x0000000725600000, 0x0000000725600000|
| 599|0x0000000725700000, 0x0000000725700000, 0x0000000725800000|  0%| F|  |TS959|AC  0|TAMS 0x0000000725700000, 0x0000000725700000|
| 600|0x0000000725800000, 0x0000000725800000, 0x0000000725900000|  0%| F|  |TS959|AC  0|TAMS 0x0000000725800000, 0x0000000725800000|
| 601|0x0000000725900000, 0x0000000725900000, 0x0000000725a00000|  0%| F|  |TS959|AC  0|TAMS 0x0000000725900000, 0x0000000725900000|
| 602|0x0000000725a00000, 0x0000000725a00000, 0x0000000725b00000|  0%| F|  |TS959|AC  0|TAMS 0x0000000725a00000, 0x0000000725a00000|
| 603|0x0000000725b00000, 0x0000000725b00000, 0x0000000725c00000|  0%| F|  |TS959|AC  0|TAMS 0x0000000725b00000, 0x0000000725b00000|
| 604|0x0000000725c00000, 0x0000000725c00000, 0x0000000725d00000|  0%| F|  |TS959|AC  0|TAMS 0x0000000725c00000, 0x0000000725c00000|
| 605|0x0000000725d00000, 0x0000000725d00000, 0x0000000725e00000|  0%| F|  |TS959|AC  0|TAMS 0x0000000725d00000, 0x0000000725d00000|
| 606|0x0000000725e00000, 0x0000000725e00000, 0x0000000725f00000|  0%| F|  |TS959|AC  0|TAMS 0x0000000725e00000, 0x0000000725e00000|
| 607|0x0000000725f00000, 0x0000000725f00000, 0x0000000726000000|  0%| F|  |TS959|AC  0|TAMS 0x0000000725f00000, 0x0000000725f00000|
| 608|0x0000000726000000, 0x0000000726000000, 0x0000000726100000|  0%| F|  |TS959|AC  0|TAMS 0x0000000726000000, 0x0000000726000000|
| 609|0x0000000726100000, 0x0000000726100000, 0x0000000726200000|  0%| F|  |TS959|AC  0|TAMS 0x0000000726100000, 0x0000000726100000|
| 610|0x0000000726200000, 0x0000000726200000, 0x0000000726300000|  0%| F|  |TS959|AC  0|TAMS 0x0000000726200000, 0x0000000726200000|
| 611|0x0000000726300000, 0x0000000726300000, 0x0000000726400000|  0%| F|  |TS959|AC  0|TAMS 0x0000000726300000, 0x0000000726300000|
| 612|0x0000000726400000, 0x0000000726400000, 0x0000000726500000|  0%| F|  |TS959|AC  0|TAMS 0x0000000726400000, 0x0000000726400000|
| 613|0x0000000726500000, 0x0000000726500000, 0x0000000726600000|  0%| F|  |TS959|AC  0|TAMS 0x0000000726500000, 0x0000000726500000|
| 614|0x0000000726600000, 0x0000000726600000, 0x0000000726700000|  0%| F|  |TS959|AC  0|TAMS 0x0000000726600000, 0x0000000726600000|
| 615|0x0000000726700000, 0x0000000726700000, 0x0000000726800000|  0%| F|  |TS959|AC  0|TAMS 0x0000000726700000, 0x0000000726700000|
| 616|0x0000000726800000, 0x0000000726800000, 0x0000000726900000|  0%| F|  |TS959|AC  0|TAMS 0x0000000726800000, 0x0000000726800000|
| 617|0x0000000726900000, 0x0000000726900000, 0x0000000726a00000|  0%| F|  |TS959|AC  0|TAMS 0x0000000726900000, 0x0000000726900000|
| 618|0x0000000726a00000, 0x0000000726a00000, 0x0000000726b00000|  0%| F|  |TS959|AC  0|TAMS 0x0000000726a00000, 0x0000000726a00000|
| 619|0x0000000726b00000, 0x0000000726b00000, 0x0000000726c00000|  0%| F|  |TS959|AC  0|TAMS 0x0000000726b00000, 0x0000000726b00000|
| 620|0x0000000726c00000, 0x0000000726c00000, 0x0000000726d00000|  0%| F|  |TS959|AC  0|TAMS 0x0000000726c00000, 0x0000000726c00000|
| 621|0x0000000726d00000, 0x0000000726d00000, 0x0000000726e00000|  0%| F|  |TS959|AC  0|TAMS 0x0000000726d00000, 0x0000000726d00000|
| 622|0x0000000726e00000, 0x0000000726e00000, 0x0000000726f00000|  0%| F|  |TS959|AC  0|TAMS 0x0000000726e00000, 0x0000000726e00000|
| 623|0x0000000726f00000, 0x0000000726f00000, 0x0000000727000000|  0%| F|  |TS959|AC  0|TAMS 0x0000000726f00000, 0x0000000726f00000|
| 624|0x0000000727000000, 0x0000000727000000, 0x0000000727100000|  0%| F|  |TS959|AC  0|TAMS 0x0000000727000000, 0x0000000727000000|
| 625|0x0000000727100000, 0x0000000727100000, 0x0000000727200000|  0%| F|  |TS959|AC  0|TAMS 0x0000000727100000, 0x0000000727100000|
| 626|0x0000000727200000, 0x0000000727200000, 0x0000000727300000|  0%| F|  |TS959|AC  0|TAMS 0x0000000727200000, 0x0000000727200000|
| 627|0x0000000727300000, 0x0000000727300000, 0x0000000727400000|  0%| F|  |TS959|AC  0|TAMS 0x0000000727300000, 0x0000000727300000|
| 628|0x0000000727400000, 0x0000000727400000, 0x0000000727500000|  0%| F|  |TS959|AC  0|TAMS 0x0000000727400000, 0x0000000727400000|
| 629|0x0000000727500000, 0x0000000727500000, 0x0000000727600000|  0%| F|  |TS959|AC  0|TAMS 0x0000000727500000, 0x0000000727500000|
| 630|0x0000000727600000, 0x0000000727600000, 0x0000000727700000|  0%| F|  |TS959|AC  0|TAMS 0x0000000727600000, 0x0000000727600000|
| 631|0x0000000727700000, 0x0000000727700000, 0x0000000727800000|  0%| F|  |TS959|AC  0|TAMS 0x0000000727700000, 0x0000000727700000|
| 632|0x0000000727800000, 0x0000000727800000, 0x0000000727900000|  0%| F|  |TS959|AC  0|TAMS 0x0000000727800000, 0x0000000727800000|
| 633|0x0000000727900000, 0x0000000727900000, 0x0000000727a00000|  0%| F|  |TS959|AC  0|TAMS 0x0000000727900000, 0x0000000727900000|
| 634|0x0000000727a00000, 0x0000000727a00000, 0x0000000727b00000|  0%| F|  |TS959|AC  0|TAMS 0x0000000727a00000, 0x0000000727a00000|
| 635|0x0000000727b00000, 0x0000000727bda7a0, 0x0000000727c00000| 85%| S|CS|TS961|AC  0|TAMS 0x0000000727b00000, 0x0000000727b00000|
| 636|0x0000000727c00000, 0x0000000727d00000, 0x0000000727d00000|100%| S|CS|TS961|AC  0|TAMS 0x0000000727c00000, 0x0000000727c00000|
| 637|0x0000000727d00000, 0x0000000727e00000, 0x0000000727e00000|100%| S|CS|TS961|AC  0|TAMS 0x0000000727d00000, 0x0000000727d00000|
| 638|0x0000000727e00000, 0x0000000727f00000, 0x0000000727f00000|100%| S|CS|TS961|AC  0|TAMS 0x0000000727e00000, 0x0000000727e00000|
| 639|0x0000000727f00000, 0x0000000728000000, 0x0000000728000000|100%| S|CS|TS961|AC  0|TAMS 0x0000000727f00000, 0x0000000727f00000|
| 640|0x0000000728000000, 0x0000000728000000, 0x0000000728100000|  0%| F|  |TS961|AC  0|TAMS 0x0000000728000000, 0x0000000728000000|
| 641|0x0000000728100000, 0x0000000728100000, 0x0000000728200000|  0%| F|  |TS961|AC  0|TAMS 0x0000000728100000, 0x0000000728100000|
| 642|0x0000000728200000, 0x0000000728200000, 0x0000000728300000|  0%| F|  |TS961|AC  0|TAMS 0x0000000728200000, 0x0000000728200000|
| 643|0x0000000728300000, 0x0000000728300000, 0x0000000728400000|  0%| F|  |TS961|AC  0|TAMS 0x0000000728300000, 0x0000000728300000|
| 644|0x0000000728400000, 0x0000000728400000, 0x0000000728500000|  0%| F|  |TS961|AC  0|TAMS 0x0000000728400000, 0x0000000728400000|
| 645|0x0000000728500000, 0x0000000728500000, 0x0000000728600000|  0%| F|  |TS961|AC  0|TAMS 0x0000000728500000, 0x0000000728500000|
| 646|0x0000000728600000, 0x0000000728600000, 0x0000000728700000|  0%| F|  |TS961|AC  0|TAMS 0x0000000728600000, 0x0000000728600000|
| 647|0x0000000728700000, 0x0000000728700000, 0x0000000728800000|  0%| F|  |TS961|AC  0|TAMS 0x0000000728700000, 0x0000000728700000|
| 648|0x0000000728800000, 0x0000000728800000, 0x0000000728900000|  0%| F|  |TS961|AC  0|TAMS 0x0000000728800000, 0x0000000728800000|
| 649|0x0000000728900000, 0x0000000728900000, 0x0000000728a00000|  0%| F|  |TS961|AC  0|TAMS 0x0000000728900000, 0x0000000728900000|
| 650|0x0000000728a00000, 0x0000000728a00000, 0x0000000728b00000|  0%| F|  |TS961|AC  0|TAMS 0x0000000728a00000, 0x0000000728a00000|
| 651|0x0000000728b00000, 0x0000000728b00000, 0x0000000728c00000|  0%| F|  |TS961|AC  0|TAMS 0x0000000728b00000, 0x0000000728b00000|
| 652|0x0000000728c00000, 0x0000000728c00000, 0x0000000728d00000|  0%| F|  |TS961|AC  0|TAMS 0x0000000728c00000, 0x0000000728c00000|
| 653|0x0000000728d00000, 0x0000000728d00000, 0x0000000728e00000|  0%| F|  |TS961|AC  0|TAMS 0x0000000728d00000, 0x0000000728d00000|
| 654|0x0000000728e00000, 0x0000000728e00000, 0x0000000728f00000|  0%| F|  |TS961|AC  0|TAMS 0x0000000728e00000, 0x0000000728e00000|
| 655|0x0000000728f00000, 0x0000000728f00000, 0x0000000729000000|  0%| F|  |TS961|AC  0|TAMS 0x0000000728f00000, 0x0000000728f00000|
| 656|0x0000000729000000, 0x0000000729000000, 0x0000000729100000|  0%| F|  |TS961|AC  0|TAMS 0x0000000729000000, 0x0000000729000000|
| 657|0x0000000729100000, 0x0000000729100000, 0x0000000729200000|  0%| F|  |TS961|AC  0|TAMS 0x0000000729100000, 0x0000000729100000|
| 658|0x0000000729200000, 0x0000000729200000, 0x0000000729300000|  0%| F|  |TS961|AC  0|TAMS 0x0000000729200000, 0x0000000729200000|
| 659|0x0000000729300000, 0x0000000729300000, 0x0000000729400000|  0%| F|  |TS961|AC  0|TAMS 0x0000000729300000, 0x0000000729300000|
| 660|0x0000000729400000, 0x0000000729400000, 0x0000000729500000|  0%| F|  |TS961|AC  0|TAMS 0x0000000729400000, 0x0000000729400000|
| 661|0x0000000729500000, 0x0000000729500000, 0x0000000729600000|  0%| F|  |TS961|AC  0|TAMS 0x0000000729500000, 0x0000000729500000|
| 662|0x0000000729600000, 0x0000000729600000, 0x0000000729700000|  0%| F|  |TS961|AC  0|TAMS 0x0000000729600000, 0x0000000729600000|
| 663|0x0000000729700000, 0x0000000729700000, 0x0000000729800000|  0%| F|  |TS961|AC  0|TAMS 0x0000000729700000, 0x0000000729700000|
| 664|0x0000000729800000, 0x0000000729800000, 0x0000000729900000|  0%| F|  |TS961|AC  0|TAMS 0x0000000729800000, 0x0000000729800000|
| 665|0x0000000729900000, 0x0000000729900000, 0x0000000729a00000|  0%| F|  |TS961|AC  0|TAMS 0x0000000729900000, 0x0000000729900000|
| 666|0x0000000729a00000, 0x0000000729a00000, 0x0000000729b00000|  0%| F|  |TS961|AC  0|TAMS 0x0000000729a00000, 0x0000000729a00000|
| 667|0x0000000729b00000, 0x0000000729b00000, 0x0000000729c00000|  0%| F|  |TS961|AC  0|TAMS 0x0000000729b00000, 0x0000000729b00000|
| 668|0x0000000729c00000, 0x0000000729c00000, 0x0000000729d00000|  0%| F|  |TS961|AC  0|TAMS 0x0000000729c00000, 0x0000000729c00000|
| 669|0x0000000729d00000, 0x0000000729d00000, 0x0000000729e00000|  0%| F|  |TS961|AC  0|TAMS 0x0000000729d00000, 0x0000000729d00000|
| 670|0x0000000729e00000, 0x0000000729e00000, 0x0000000729f00000|  0%| F|  |TS961|AC  0|TAMS 0x0000000729e00000, 0x0000000729e00000|
| 671|0x0000000729f00000, 0x0000000729f00000, 0x000000072a000000|  0%| F|  |TS961|AC  0|TAMS 0x0000000729f00000, 0x0000000729f00000|
| 672|0x000000072a000000, 0x000000072a000000, 0x000000072a100000|  0%| F|  |TS961|AC  0|TAMS 0x000000072a000000, 0x000000072a000000|
| 673|0x000000072a100000, 0x000000072a100000, 0x000000072a200000|  0%| F|  |TS961|AC  0|TAMS 0x000000072a100000, 0x000000072a100000|
| 674|0x000000072a200000, 0x000000072a292fa8, 0x000000072a300000| 57%| E|  |TS961|AC  0|TAMS 0x000000072a200000, 0x000000072a200000|
| 675|0x000000072a300000, 0x000000072a400000, 0x000000072a400000|100%| E|CS|TS961|AC  0|TAMS 0x000000072a300000, 0x000000072a300000|
| 676|0x000000072a400000, 0x000000072a500000, 0x000000072a500000|100%| E|CS|TS961|AC  0|TAMS 0x000000072a400000, 0x000000072a400000|
| 677|0x000000072a500000, 0x000000072a600000, 0x000000072a600000|100%| E|CS|TS961|AC  0|TAMS 0x000000072a500000, 0x000000072a500000|
| 678|0x000000072a600000, 0x000000072a700000, 0x000000072a700000|100%| E|CS|TS961|AC  0|TAMS 0x000000072a600000, 0x000000072a600000|
| 679|0x000000072a700000, 0x000000072a800000, 0x000000072a800000|100%| E|CS|TS961|AC  0|TAMS 0x000000072a700000, 0x000000072a700000|
| 680|0x000000072a800000, 0x000000072a900000, 0x000000072a900000|100%| E|CS|TS961|AC  0|TAMS 0x000000072a800000, 0x000000072a800000|
| 681|0x000000072a900000, 0x000000072aa00000, 0x000000072aa00000|100%| E|CS|TS961|AC  0|TAMS 0x000000072a900000, 0x000000072a900000|
| 682|0x000000072aa00000, 0x000000072ab00000, 0x000000072ab00000|100%| E|CS|TS961|AC  0|TAMS 0x000000072aa00000, 0x000000072aa00000|
| 683|0x000000072ab00000, 0x000000072ac00000, 0x000000072ac00000|100%| E|CS|TS961|AC  0|TAMS 0x000000072ab00000, 0x000000072ab00000|
| 684|0x000000072ac00000, 0x000000072ad00000, 0x000000072ad00000|100%| E|CS|TS961|AC  0|TAMS 0x000000072ac00000, 0x000000072ac00000|
| 685|0x000000072ad00000, 0x000000072ae00000, 0x000000072ae00000|100%| E|CS|TS961|AC  0|TAMS 0x000000072ad00000, 0x000000072ad00000|
| 686|0x000000072ae00000, 0x000000072af00000, 0x000000072af00000|100%| E|CS|TS961|AC  0|TAMS 0x000000072ae00000, 0x000000072ae00000|
| 687|0x000000072af00000, 0x000000072b000000, 0x000000072b000000|100%| E|CS|TS961|AC  0|TAMS 0x000000072af00000, 0x000000072af00000|
| 688|0x000000072b000000, 0x000000072b100000, 0x000000072b100000|100%| E|CS|TS961|AC  0|TAMS 0x000000072b000000, 0x000000072b000000|
| 689|0x000000072b100000, 0x000000072b200000, 0x000000072b200000|100%| E|CS|TS961|AC  0|TAMS 0x000000072b100000, 0x000000072b100000|
| 690|0x000000072b200000, 0x000000072b300000, 0x000000072b300000|100%| E|CS|TS961|AC  0|TAMS 0x000000072b200000, 0x000000072b200000|
| 691|0x000000072b300000, 0x000000072b400000, 0x000000072b400000|100%| E|CS|TS961|AC  0|TAMS 0x000000072b300000, 0x000000072b300000|
| 692|0x000000072b400000, 0x000000072b500000, 0x000000072b500000|100%| E|CS|TS961|AC  0|TAMS 0x000000072b400000, 0x000000072b400000|
| 693|0x000000072b500000, 0x000000072b600000, 0x000000072b600000|100%| E|CS|TS961|AC  0|TAMS 0x000000072b500000, 0x000000072b500000|
| 694|0x000000072b600000, 0x000000072b700000, 0x000000072b700000|100%| E|CS|TS961|AC  0|TAMS 0x000000072b600000, 0x000000072b600000|
| 695|0x000000072b700000, 0x000000072b800000, 0x000000072b800000|100%| E|CS|TS961|AC  0|TAMS 0x000000072b700000, 0x000000072b700000|
| 696|0x000000072b800000, 0x000000072b900000, 0x000000072b900000|100%| E|CS|TS961|AC  0|TAMS 0x000000072b800000, 0x000000072b800000|

Card table byte_map: [0x00000270e1970000,0x00000270e1f70000] byte_map_base: 0x00000270de170000

Marking Bits (Prev, Next): (CMBitMap*) 0x00000270dd596d40, (CMBitMap*) 0x00000270dd596d78
 Prev Bits: [0x00000270fa2e0000, 0x00000270fd2e0000)
 Next Bits: [0x0000027080000000, 0x0000027083000000)

Polling page: 0x00000270d7b80000

CodeHeap 'non-profiled nmethods': size=120064Kb used=30811Kb max_used=30811Kb free=89253Kb
 bounds [0x00000270f2da0000, 0x00000270f4bd0000, 0x00000270fa2e0000]
CodeHeap 'profiled nmethods': size=120000Kb used=52434Kb max_used=53888Kb free=67565Kb
 bounds [0x00000270eb870000, 0x00000270eedb0000, 0x00000270f2da0000]
CodeHeap 'non-nmethods': size=5696Kb used=1902Kb max_used=1961Kb free=3794Kb
 bounds [0x00000270eb2e0000, 0x00000270eb550000, 0x00000270eb870000]
 total_blobs=46402 nmethods=22800 adapters=1284
 compilation: enabled

Compilation events (10 events):
Event: 3867.133 Thread 0x00000270e0b6a800 31587       4       com.jidesoft.marker.DefaultMarkerModel$0::compare (13 bytes)
Event: 3867.134 Thread 0x00000270e0b6a800 nmethod 31587 0x00000270f4bb0b90 code [0x00000270f4bb0d20, 0x00000270f4bb0e38]
Event: 3868.102 Thread 0x00000270ddb2e000 31588       4       com.jidesoft.plaf.basic.BasicDockableFrameTitlePane$PropertyChangeHandler::propertyChange (1329 bytes)
Event: 3868.107 Thread 0x00000270d7b2b000 31589       3       ui.utils.o.aa::a (79 bytes)
Event: 3868.108 Thread 0x00000270d7b2b000 nmethod 31589 0x00000270ecf22f90 code [0x00000270ecf232c0, 0x00000270ecf24920]
Event: 3868.130 Thread 0x00000270e0b6a800 31590       4       ui.i::a (103 bytes)
Event: 3868.174 Thread 0x00000270e0b6a800 nmethod 31590 0x00000270f4bb0f90 code [0x00000270f4bb13e0, 0x00000270f4bb3cb8]
Event: 3868.217 Thread 0x00000270d7b2b000 31591       3       ui.views.Q.a::a (17 bytes)
Event: 3868.218 Thread 0x00000270d7b2b000 nmethod 31591 0x00000270ed230910 code [0x00000270ed230c80, 0x00000270ed2323e0]
Event: 3868.334 Thread 0x00000270ddb2e000 nmethod 31588 0x00000270f4bb5290 code [0x00000270f4bb5e60, 0x00000270f4bbc758]

GC Heap History (10 events):
Event: 3865.012 GC heap before
{Heap before GC invocations=1573 (full 159):
 garbage-first heap   total 612352K, used 244308K [0x0000000700000000, 0x00000007001012b0, 0x00000007c0000000)
  region size 1024K, 60 young (61440K), 2 survivors (2048K)
 Metaspace       used 103925K, capacity 111516K, committed 111740K, reserved 1144832K
  class space    used 14926K, capacity 16228K, committed 16252K, reserved 1048576K
}
Event: 3865.016 GC heap after
{Heap after GC invocations=1574 (full 159):
 garbage-first heap   total 612352K, used 185955K [0x0000000700000000, 0x00000007001012b0, 0x00000007c0000000)
  region size 1024K, 3 young (3072K), 3 survivors (3072K)
 Metaspace       used 103925K, capacity 111516K, committed 111740K, reserved 1144832K
  class space    used 14926K, capacity 16228K, committed 16252K, reserved 1048576K
}
Event: 3865.149 GC heap before
{Heap before GC invocations=1574 (full 159):
 garbage-first heap   total 612352K, used 244323K [0x0000000700000000, 0x00000007001012b0, 0x00000007c0000000)
  region size 1024K, 60 young (61440K), 3 survivors (3072K)
 Metaspace       used 103925K, capacity 111516K, committed 111740K, reserved 1144832K
  class space    used 14926K, capacity 16228K, committed 16252K, reserved 1048576K
}
Event: 3865.153 GC heap after
{Heap after GC invocations=1575 (full 159):
 garbage-first heap   total 612352K, used 185832K [0x0000000700000000, 0x00000007001012b0, 0x00000007c0000000)
  region size 1024K, 3 young (3072K), 3 survivors (3072K)
 Metaspace       used 103925K, capacity 111516K, committed 111740K, reserved 1144832K
  class space    used 14926K, capacity 16228K, committed 16252K, reserved 1048576K
}
Event: 3865.332 GC heap before
{Heap before GC invocations=1575 (full 159):
 garbage-first heap   total 612352K, used 244200K [0x0000000700000000, 0x00000007001012b0, 0x00000007c0000000)
  region size 1024K, 60 young (61440K), 3 survivors (3072K)
 Metaspace       used 103925K, capacity 111516K, committed 111740K, reserved 1144832K
  class space    used 14926K, capacity 16228K, committed 16252K, reserved 1048576K
}
Event: 3865.336 GC heap after
{Heap after GC invocations=1576 (full 159):
 garbage-first heap   total 612352K, used 186077K [0x0000000700000000, 0x00000007001012b0, 0x00000007c0000000)
  region size 1024K, 3 young (3072K), 3 survivors (3072K)
 Metaspace       used 103925K, capacity 111516K, committed 111740K, reserved 1144832K
  class space    used 14926K, capacity 16228K, committed 16252K, reserved 1048576K
}
Event: 3866.834 GC heap before
{Heap before GC invocations=1576 (full 159):
 garbage-first heap   total 612352K, used 244445K [0x0000000700000000, 0x00000007001012b0, 0x00000007c0000000)
  region size 1024K, 60 young (61440K), 3 survivors (3072K)
 Metaspace       used 103925K, capacity 111516K, committed 111740K, reserved 1144832K
  class space    used 14926K, capacity 16228K, committed 16252K, reserved 1048576K
}
Event: 3866.840 GC heap after
{Heap after GC invocations=1577 (full 159):
 garbage-first heap   total 713728K, used 186336K [0x0000000700000000, 0x00000007001015c8, 0x00000007c0000000)
  region size 1024K, 3 young (3072K), 3 survivors (3072K)
 Metaspace       used 103925K, capacity 111516K, committed 111740K, reserved 1144832K
  class space    used 14926K, capacity 16228K, committed 16252K, reserved 1048576K
}
Event: 3867.160 GC heap before
{Heap before GC invocations=1577 (full 159):
 garbage-first heap   total 713728K, used 244704K [0x0000000700000000, 0x00000007001015c8, 0x00000007c0000000)
  region size 1024K, 60 young (61440K), 3 survivors (3072K)
 Metaspace       used 103933K, capacity 111516K, committed 111740K, reserved 1144832K
  class space    used 14926K, capacity 16228K, committed 16252K, reserved 1048576K
}
Event: 3867.169 GC heap after
{Heap after GC invocations=1578 (full 159):
 garbage-first heap   total 713728K, used 188340K [0x0000000700000000, 0x00000007001015c8, 0x00000007c0000000)
  region size 1024K, 5 young (5120K), 5 survivors (5120K)
 Metaspace       used 103933K, capacity 111516K, committed 111740K, reserved 1144832K
  class space    used 14926K, capacity 16228K, committed 16252K, reserved 1048576K
}

Deoptimization events (10 events):
Event: 3656.887 Thread 0x00000270830cb000 Uncommon trap: reason=unstable_if action=reinterpret pc=0x00000270f49df194 method=com.jidesoft.grid.CellSpanTable.rowAtPoint(Ljava/awt/Point;)I @ 68 c2
Event: 3656.887 Thread 0x00000270830cb000 Uncommon trap: reason=unstable_if action=reinterpret pc=0x00000270f49f34bc method=com.jidesoft.grid.CellSpanTable.columnAtPoint(Ljava/awt/Point;)I @ 56 c2
Event: 3659.185 Thread 0x000002712f69a800 Uncommon trap: reason=unstable_if action=reinterpret pc=0x00000270f3271f2c method=ui.frmwork.d.l.a(Lui/frmwork/d/c;ZZLjava/lang/String;)Lui/frmwork/d/e; @ 17 c2
Event: 3806.284 Thread 0x00000270830cb000 Uncommon trap: reason=class_check action=maybe_recompile pc=0x00000270f43af01c method=com.jidesoft.plaf.basic.BasicJideButtonUI.getIcon(Ljavax/swing/AbstractButton;)Ljavax/swing/Icon; @ 91 c2
Event: 3808.123 Thread 0x00000270830cb000 Uncommon trap: reason=unstable_if action=reinterpret pc=0x00000270f4ac49c0 method=ui.data.labtools.j.bdj()Lui/data/labtools/s; @ 7 c2
Event: 3808.123 Thread 0x00000270830cb000 Uncommon trap: reason=unstable_if action=reinterpret pc=0x00000270f35609b8 method=ui.data.labtools.j.bdj()Lui/data/labtools/s; @ 7 c2
Event: 3808.166 Thread 0x00000270830cb000 Uncommon trap: reason=unstable_if action=reinterpret pc=0x00000270f3cd5720 method=ui.data.labtools.j.bdj()Lui/data/labtools/s; @ 7 c2
Event: 3808.690 Thread 0x00000270830cb000 Uncommon trap: reason=unstable_if action=reinterpret pc=0x00000270f39caea8 method=ui.views.S.N.grM()Ljava/util/Collection; @ 12 c2
Event: 3847.321 Thread 0x00000270830cb000 Uncommon trap: reason=unstable_if action=reinterpret pc=0x00000270f3e7fbe8 method=javax.swing.text.GapContent.findMarkAdjustIndex(I)I @ 51 c2
Event: 3866.889 Thread 0x00000270830cb000 Uncommon trap: reason=class_check action=maybe_recompile pc=0x00000270f4155f6c method=com.jidesoft.swing.JideSplitPane.removeExtraDividers()Z @ 41 c2

Classes redefined (0 events):
No events

Internal exceptions (10 events):
Event: 3560.913 Thread 0x00000270830cb000 Exception <a 'java/io/FileNotFoundException'{0x0000000724ec4e48}> (0x0000000724ec4e48) thrown at [t:/workspace/hotspot/src/share/vm/prims/jni.cpp, line 604]
Event: 3565.914 Thread 0x00000270830cb000 Exception <a 'java/io/FileNotFoundException'{0x0000000723926298}> (0x0000000723926298) thrown at [t:/workspace/hotspot/src/share/vm/prims/jni.cpp, line 604]
Event: 3570.914 Thread 0x00000270830cb000 Exception <a 'java/io/FileNotFoundException'{0x0000000723599110}> (0x0000000723599110) thrown at [t:/workspace/hotspot/src/share/vm/prims/jni.cpp, line 604]
Event: 3575.915 Thread 0x00000270830cb000 Exception <a 'java/io/FileNotFoundException'{0x0000000722f9cb38}> (0x0000000722f9cb38) thrown at [t:/workspace/hotspot/src/share/vm/prims/jni.cpp, line 604]
Event: 3580.916 Thread 0x00000270830cb000 Exception <a 'java/io/FileNotFoundException'{0x0000000722967398}> (0x0000000722967398) thrown at [t:/workspace/hotspot/src/share/vm/prims/jni.cpp, line 604]
Event: 3624.119 Thread 0x00000270830cb000 Exception <a 'java/lang/NoSuchMethodError'{0x000000072260d5d8}: method resolution failed> (0x000000072260d5d8) thrown at [t:/workspace/hotspot/src/share/vm/prims/methodHandles.cpp, line 1256]
Event: 3649.642 Thread 0x000002712f699000 Exception <a 'java/lang/InterruptedException'{0x0000000724112088}: sleep interrupted> (0x0000000724112088) thrown at [t:/workspace/hotspot/src/share/vm/prims/jvm.cpp, line 2984]
Event: 3849.823 Thread 0x000002712f69f800 Exception <a 'java/lang/InterruptedException'{0x000000072299b048}: sleep interrupted> (0x000000072299b048) thrown at [t:/workspace/hotspot/src/share/vm/prims/jvm.cpp, line 3023]
Event: 3855.376 Thread 0x000002712f69c000 Exception <a 'java/lang/InterruptedException'{0x0000000724581480}: sleep interrupted> (0x0000000724581480) thrown at [t:/workspace/hotspot/src/share/vm/prims/jvm.cpp, line 2984]
Event: 3861.354 Thread 0x000002712f69c000 Exception <a 'java/lang/InterruptedException'{0x0000000725380f98}: sleep interrupted> (0x0000000725380f98) thrown at [t:/workspace/hotspot/src/share/vm/prims/jvm.cpp, line 2984]

Events (10 events):
Event: 3868.076 Executing VM operation: RevokeBias
Event: 3868.076 Executing VM operation: RevokeBias done
Event: 3868.077 Executing VM operation: RevokeBias
Event: 3868.077 Executing VM operation: RevokeBias done
Event: 3868.212 Thread 0x000002712f69c000 Thread added: 0x000002712f69c000
Event: 3868.214 Thread 0x000002712f69c000 Thread exited: 0x000002712f69c000
Event: 3869.213 Thread 0x000002712f69f000 Thread added: 0x000002712f69f000
Event: 3869.215 Thread 0x000002712f69f000 Thread exited: 0x000002712f69f000
Event: 3870.215 Thread 0x000002712f699000 Thread added: 0x000002712f699000
Event: 3870.221 Thread 0x000002712f699000 Thread exited: 0x000002712f699000


Dynamic libraries:
0x00007ff6cbc00000 - 0x00007ff6cbc30000 	C:\Xilinx\Vivado\2018.3\bin\unwrapped\win64.o\vivado.exe
0x00007ffdb56d0000 - 0x00007ffdb58c5000 	C:\Windows\SYSTEM32\ntdll.dll
0x00007ffdb4f00000 - 0x00007ffdb4fbd000 	C:\Windows\System32\KERNEL32.DLL
0x00007ffdb3050000 - 0x00007ffdb3318000 	C:\Windows\System32\KERNELBASE.dll
0x00007ffdb4430000 - 0x00007ffdb44dc000 	C:\Windows\System32\ADVAPI32.DLL
0x00007ffdb3d10000 - 0x00007ffdb3dae000 	C:\Windows\System32\msvcrt.dll
0x00007ffdb5460000 - 0x00007ffdb54fb000 	C:\Windows\System32\sechost.dll
0x00007ffdb4c70000 - 0x00007ffdb4d9b000 	C:\Windows\System32\RPCRT4.dll
0x00007ffdb3440000 - 0x00007ffdb3540000 	C:\Windows\System32\ucrtbase.dll
0x00007ffd8d060000 - 0x00007ffd8d0fd000 	C:\Windows\SYSTEM32\MSVCP140.dll
0x00007ffd8d040000 - 0x00007ffd8d057000 	C:\Windows\SYSTEM32\VCRUNTIME140.dll
0x00007ffdae410000 - 0x00007ffdae424000 	C:\Xilinx\Vivado\2018.3\lib\win64.o\librdi_commonmain.dll
0x00007ffd7fa00000 - 0x00007ffd80894000 	C:\Xilinx\Vivado\2018.3\lib\win64.o\librdi_common.dll
0x00007ffdb4290000 - 0x00007ffdb4430000 	C:\Windows\System32\USER32.dll
0x00007ffdb3320000 - 0x00007ffdb3342000 	C:\Windows\System32\win32u.dll
0x00007ffdb44e0000 - 0x00007ffdb450a000 	C:\Windows\System32\GDI32.dll
0x00007ffdb3540000 - 0x00007ffdb364b000 	C:\Windows\System32\gdi32full.dll
0x00007ffdb33a0000 - 0x00007ffdb343d000 	C:\Windows\System32\msvcp_win.dll
0x00007ffdb4520000 - 0x00007ffdb4c62000 	C:\Windows\System32\SHELL32.dll
0x00007ffdae3f0000 - 0x00007ffdae404000 	C:\Xilinx\Vivado\2018.3\lib\win64.o\libboost_signals.dll
0x00007ffdac320000 - 0x00007ffdac346000 	C:\Xilinx\Vivado\2018.3\lib\win64.o\libboost_filesystem.dll
0x000000005be60000 - 0x000000005bf8b000 	C:\Xilinx\Vivado\2018.3\lib\win64.o\tcl85t.dll
0x00007ffdb3db0000 - 0x00007ffdb3e1b000 	C:\Windows\System32\WS2_32.dll
0x00007ffdae170000 - 0x00007ffdae17a000 	C:\Xilinx\Vivado\2018.3\lib\win64.o\librdi_commonversion.dll
0x00007ffda1f60000 - 0x00007ffda2081000 	C:\Xilinx\Vivado\2018.3\lib\win64.o\librdi_commonxillic.dll
0x00007ffd99e30000 - 0x00007ffd9a0e5000 	C:\Xilinx\Vivado\2018.3\lib\win64.o\libXil_lmgr11.dll
0x00007ffdb4dc0000 - 0x00007ffdb4e9a000 	C:\Windows\System32\COMDLG32.dll
0x00007ffdb37e0000 - 0x00007ffdb3b35000 	C:\Windows\System32\combase.dll
0x00007ffdb3730000 - 0x00007ffdb37de000 	C:\Windows\System32\shcore.dll
0x00007ffdb5400000 - 0x00007ffdb5455000 	C:\Windows\System32\SHLWAPI.dll
0x00007ffdb50f0000 - 0x00007ffdb51bd000 	C:\Windows\System32\OLEAUT32.dll
0x00007ffdb5560000 - 0x00007ffdb568a000 	C:\Windows\System32\ole32.dll
0x00007ffdb2e10000 - 0x00007ffdb2e70000 	C:\Windows\System32\WINTRUST.dll
0x00007ffd90be0000 - 0x00007ffd90f4e000 	C:\Xilinx\Vivado\2018.3\lib\win64.o\libCOIN-all.dll
0x00007ffdb2ef0000 - 0x00007ffdb304f000 	C:\Windows\System32\CRYPT32.dll
0x00007ffdac1d0000 - 0x00007ffdac1e4000 	C:\Xilinx\Vivado\2018.3\lib\win64.o\libboost_date_time.dll
0x00007ffdab1f0000 - 0x00007ffdab26f000 	C:\Xilinx\Vivado\2018.3\lib\win64.o\libboost_program_options.dll
0x00007ffdacdf0000 - 0x00007ffdacdfb000 	C:\Xilinx\Vivado\2018.3\lib\win64.o\libboost_system.dll
0x00007ffd99d10000 - 0x00007ffd99e24000 	C:\Xilinx\Vivado\2018.3\lib\win64.o\libboost_regex.dll
0x00007ffda5730000 - 0x00007ffda57d5000 	C:\Xilinx\Vivado\2018.3\lib\win64.o\libhdxml.dll
0x00007ffdac1a0000 - 0x00007ffdac1c1000 	C:\Xilinx\Vivado\2018.3\lib\win64.o\libboost_thread.dll
0x00007ffdab580000 - 0x00007ffdab58f000 	C:\Xilinx\Vivado\2018.3\lib\win64.o\libboost_xilinx.dll
0x00007ffdaa0b0000 - 0x00007ffdaa132000 	C:\Xilinx\Vivado\2018.3\lib\win64.o\libhdlpsolve.dll
0x00007ffd7f1b0000 - 0x00007ffd7f9fe600 	C:\Xilinx\Vivado\2018.3\lib\win64.o\libisl_iostreams.dll
0x00007ffda4fd0000 - 0x00007ffda5035000 	C:\Xilinx\Vivado\2018.3\lib\win64.o\liblmx6.0.dll
0x00007ffdab560000 - 0x00007ffdab57a000 	C:\Xilinx\Vivado\2018.3\lib\win64.o\pthreadVC2.dll
0x00007ffdab1c0000 - 0x00007ffdab1ee000 	C:\Xilinx\Vivado\2018.3\lib\win64.o\libisl_sysinfo.dll
0x00007ffdab4f0000 - 0x00007ffdab50c000 	C:\Xilinx\Vivado\2018.3\lib\win64.o\librdiconfig.dll
0x0000000012000000 - 0x0000000012272000 	C:\Xilinx\Vivado\2018.3\lib\win64.o\xerces-c_3_1.dll
0x00007ffdaa370000 - 0x00007ffdaa388000 	C:\Windows\SYSTEM32\NETAPI32.dll
0x00007ffdaa610000 - 0x00007ffdaa631000 	C:\Xilinx\Vivado\2018.3\lib\win64.o\librdizlib.dll
0x00007ffda27b0000 - 0x00007ffda2c8d000 	C:\Windows\SYSTEM32\WININET.dll
0x00007ffd7e310000 - 0x00007ffd7f1a1000 	C:\Xilinx\Vivado\2018.3\lib\win64.o\gurobi65.dll
0x00007ffda1880000 - 0x00007ffda1a6e000 	C:\Windows\SYSTEM32\urlmon.dll
0x00007ffdae5b0000 - 0x00007ffdae6bb000 	C:\Windows\SYSTEM32\WINHTTP.dll
0x00007ffda5580000 - 0x00007ffda55ae000 	C:\Windows\SYSTEM32\VCOMP140.DLL
0x00007ffd98800000 - 0x00007ffd98809000 	C:\Windows\SYSTEM32\WSOCK32.dll
0x00007ffd95900000 - 0x00007ffd959b0000 	C:\Windows\WinSxS\amd64_microsoft.windows.common-controls_6595b64144ccf1df_5.82.19041.844_none_423537bff6b9828c\COMCTL32.dll
0x00007ffdad850000 - 0x00007ffdad86d000 	C:\Windows\SYSTEM32\dhcpcsvc.DLL
0x00007ffdaa390000 - 0x00007ffdaa3ab000 	C:\Xilinx\Vivado\2018.3\lib\win64.o\libboost_iostreams.dll
0x00007ffda4fa0000 - 0x00007ffda4fc5000 	C:\Xilinx\Vivado\2018.3\lib\win64.o\libisl_iosutils.dll
0x00007ffdadac0000 - 0x00007ffdadd70000 	C:\Windows\SYSTEM32\iertutil.dll
0x00007ffdab550000 - 0x00007ffdab55d000 	C:\Xilinx\Vivado\2018.3\lib\win64.o\libboost_chrono.dll
0x00007ffdb2380000 - 0x00007ffdb238c000 	C:\Windows\SYSTEM32\NETUTILS.DLL
0x00007ffdb3c70000 - 0x00007ffdb3ca0000 	C:\Windows\System32\IMM32.DLL
0x00007ffdb2a00000 - 0x00007ffdb2a12000 	C:\Windows\SYSTEM32\MSASN1.dll
0x00007ffdb0d70000 - 0x00007ffdb0d82000 	C:\Windows\SYSTEM32\kernel.appcore.dll
0x00007ffd7de10000 - 0x00007ffd7e305000 	C:\Xilinx\Vivado\2018.3\lib\win64.o\librdi_commontasks.dll
0x00007ffdaa740000 - 0x00007ffdaa74a000 	C:\Windows\SYSTEM32\VERSION.dll
0x00007ffd7db90000 - 0x00007ffd7de0f000 	C:\Xilinx\Vivado\2018.3\lib\win64.o\librdi_sio.dll
0x00007ffdb2210000 - 0x00007ffdb224b000 	C:\Windows\SYSTEM32\IPHLPAPI.DLL
0x000000005b430000 - 0x000000005be55000 	C:\Xilinx\Vivado\2018.3\tps\win64\jre9.0.4\bin\server\jvm.dll
0x00007ffdb3ca0000 - 0x00007ffdb3ca8000 	C:\Windows\System32\PSAPI.DLL
0x00007ffd9f560000 - 0x00007ffd9f587000 	C:\Windows\SYSTEM32\WINMM.dll
0x00007ffd992f0000 - 0x00007ffd993df000 	C:\Windows\SYSTEM32\MSVCR120.dll
0x00007ffdb2580000 - 0x00007ffdb25ea000 	C:\Windows\SYSTEM32\MSWSOCK.DLL
0x00007ffdb0f70000 - 0x00007ffdb1701000 	C:\Windows\SYSTEM32\windows.storage.dll
0x00007ffdb2880000 - 0x00007ffdb28ac000 	C:\Windows\SYSTEM32\Wldp.dll
0x00007ffd7aff0000 - 0x00007ffd7d3b2000 	C:\Xilinx\Vivado\2018.3\lib\win64.o\librdi_tcltasks.dll
0x00007ffd7ac10000 - 0x00007ffd7afec000 	C:\Xilinx\Vivado\2018.3\lib\win64.o\librdi_bitstream.dll
0x00007ffd98e20000 - 0x00007ffd98efc000 	C:\Xilinx\Vivado\2018.3\lib\win64.o\librdi_chipscope.dll
0x00007ffd98c80000 - 0x00007ffd98dfe000 	C:\Xilinx\Vivado\2018.3\lib\win64.o\librdi_board.dll
0x00007ffd99ca0000 - 0x00007ffd99d0a000 	C:\Xilinx\Vivado\2018.3\lib\win64.o\librdi_boarddep.dll
0x00007ffd85510000 - 0x00007ffd856c9000 	C:\Xilinx\Vivado\2018.3\lib\win64.o\librdi_chipscopeimpl.dll
0x00007ffd791b0000 - 0x00007ffd792f8000 	C:\Xilinx\Vivado\2018.3\lib\win64.o\librdi_containers.dll
0x00007ffd79300000 - 0x00007ffd7ac05000 	C:\Xilinx\Vivado\2018.3\lib\win64.o\librdi_constraints.dll
0x00007ffd78ad0000 - 0x00007ffd791aa000 	C:\Xilinx\Vivado\2018.3\lib\win64.o\librdi_coregenipxact.dll
0x00007ffd76cb0000 - 0x00007ffd78acf000 	C:\Xilinx\Vivado\2018.3\lib\win64.o\librdi_coregen.dll
0x00007ffd65f50000 - 0x00007ffd76ca2000 	C:\Xilinx\Vivado\2018.3\lib\win64.o\librdi_device.dll
0x00007ffd65c30000 - 0x00007ffd65f4b000 	C:\Xilinx\Vivado\2018.3\lib\win64.o\librdi_dlyest.dll
0x00007ffd618d0000 - 0x00007ffd61e30000 	C:\Xilinx\Vivado\2018.3\lib\win64.o\librdi_drc.dll
0x00007ffd61e30000 - 0x00007ffd65c2b000 	C:\Xilinx\Vivado\2018.3\lib\win64.o\librdi_designutils.dll
0x00007ffd910f0000 - 0x00007ffd911b2000 	C:\Xilinx\Vivado\2018.3\lib\win64.o\librdi_dsp.dll
0x00007ffd615f0000 - 0x00007ffd618ca000 	C:\Xilinx\Vivado\2018.3\lib\win64.o\librdi_guitools.dll
0x00007ffd60fb0000 - 0x00007ffd615ef000 	C:\Xilinx\Vivado\2018.3\lib\win64.o\librdi_filemgmt.dll
0x00007ffd99290000 - 0x00007ffd992ed000 	C:\Xilinx\Vivado\2018.3\lib\win64.o\librdi_hdf.dll
0x00007ffd60990000 - 0x00007ffd60fa5000 	C:\Xilinx\Vivado\2018.3\lib\win64.o\librdi_memdata.dll
0x00007ffd5f5f0000 - 0x00007ffd60981000 	C:\Xilinx\Vivado\2018.3\lib\win64.o\librdi_implflow.dll
0x00007ffd99030000 - 0x00007ffd990a1000 	C:\Xilinx\Vivado\2018.3\lib\win64.o\librdi_memoryarray.dll
0x00007ffd99240000 - 0x00007ffd99290000 	C:\Xilinx\Vivado\2018.3\lib\win64.o\librdi_pfi.dll
0x00007ffd5bc40000 - 0x00007ffd5f5ec000 	C:\Xilinx\Vivado\2018.3\lib\win64.o\librdi_mig.dll
0x00007ffd5b600000 - 0x00007ffd5bc3b000 	C:\Xilinx\Vivado\2018.3\lib\win64.o\librdi_netlist.dll
0x00007ffd5b2f0000 - 0x00007ffd5b5f7000 	C:\Xilinx\Vivado\2018.3\lib\win64.o\librdi_platform.dll
0x00007ffd5abf0000 - 0x00007ffd5b2e5000 	C:\Xilinx\Vivado\2018.3\lib\win64.o\librdi_power.dll
0x00007ffd586d0000 - 0x00007ffd5abe4000 	C:\Xilinx\Vivado\2018.3\lib\win64.o\librdi_place.dll
0x00007ffd58170000 - 0x00007ffd586c6000 	C:\Xilinx\Vivado\2018.3\lib\win64.o\librdi_project.dll
0x00007ffd57a70000 - 0x00007ffd58163000 	C:\Xilinx\Vivado\2018.3\lib\win64.o\librdi_psta.dll
0x00007ffd57690000 - 0x00007ffd57a67000 	C:\Xilinx\Vivado\2018.3\lib\win64.o\librdi_runs.dll
0x00007ffd56fb0000 - 0x00007ffd57689000 	C:\Xilinx\Vivado\2018.3\lib\win64.o\librdi_rsb.dll
0x00007ffd7dab0000 - 0x00007ffd7db88000 	C:\Xilinx\Vivado\2018.3\lib\win64.o\librdi_runsbase.dll
0x00007ffd56d80000 - 0x00007ffd56fa8000 	C:\Xilinx\Vivado\2018.3\lib\win64.o\librdi_simdata.dll
0x00007ffd56c20000 - 0x00007ffd56d74000 	C:\Xilinx\Vivado\2018.3\lib\win64.o\librdi_advchipscopeimpl.dll
0x00007ffd95f10000 - 0x00007ffd95f5c000 	C:\Xilinx\Vivado\2018.3\lib\win64.o\libboost_serialization.dll
0x00007ffd56b60000 - 0x00007ffd56c18000 	C:\Xilinx\Vivado\2018.3\lib\win64.o\librdi_hip_devdesign.dll
0x00007ffd55dd0000 - 0x00007ffd56b5d000 	C:\Xilinx\Vivado\2018.3\lib\win64.o\librdi_timing.dll
0x00007ffd90b30000 - 0x00007ffd90bdb000 	C:\Xilinx\Vivado\2018.3\lib\win64.o\librdi_ipconfig_readwrite.dll
0x00007ffd99c60000 - 0x00007ffd99c98000 	C:\Xilinx\Vivado\2018.3\lib\win64.o\librdi_noc_frameworks.dll
0x00007ffd55280000 - 0x00007ffd55dc7000 	C:\Xilinx\Vivado\2018.3\lib\win64.o\libverific.dll
0x00007ffd880b0000 - 0x00007ffd8814e000 	C:\Xilinx\Vivado\2018.3\lib\win64.o\libise.dll
0x00007ffd54ec0000 - 0x00007ffd55275000 	C:\Xilinx\Vivado\2018.3\lib\win64.o\librdi_hip_config.dll
0x00007ffd54970000 - 0x00007ffd54ebe000 	C:\Xilinx\Vivado\2018.3\lib\win64.o\librdi_xdm.dll
0x00007ffd95270000 - 0x00007ffd952b9000 	C:\Xilinx\Vivado\2018.3\lib\win64.o\librdi_wavedata_SimpleApi.dll
0x00007ffd54380000 - 0x00007ffd54964000 	C:\Xilinx\Vivado\2018.3\lib\win64.o\librdi_wavedata.dll
0x00007ffd8cfd0000 - 0x00007ffd8d033000 	C:\Xilinx\Vivado\2018.3\lib\win64.o\librdi_hip_mathengine.dll
0x00007ffd53370000 - 0x00007ffd54372000 	C:\Xilinx\Vivado\2018.3\lib\win64.o\librdi_route.dll
0x00007ffd51420000 - 0x00007ffd53362000 	C:\Xilinx\Vivado\2018.3\lib\win64.o\librdi_synth.dll
0x00007ffd511d0000 - 0x00007ffd51420000 	C:\Xilinx\Vivado\2018.3\lib\win64.o\librdi_hsm.dll
0x00007ffd80a30000 - 0x00007ffd80ab8000 	C:\Xilinx\Vivado\2018.3\lib\win64.o\librdi_meir_core.dll

VM Arguments:
jvm_args: -Dsun.java2d.pmoffscreen=false -Dsun.java2d.xrender=false -Dsun.java2d.d3d=false -Dsun.awt.nopixfmt=true -Dsun.java2d.dpiaware=true -Dsun.java2d.uiScale.enabled=false -Xverify:none -Dswing.aatext=true -XX:-UsePerfData -Djdk.map.althashing.threshold=512 -XX:StringTableSize=4072 --add-opens=java.base/java.nio=ALL-UNNAMED --add-opens=java.desktop/sun.swing=ALL-UNNAMED --add-opens=java.desktop/javax.swing=ALL-UNNAMED --add-opens=java.desktop/javax.swing.tree=ALL-UNNAMED --add-opens=java.desktop/javax.swing.plaf.basic=ALL-UNNAMED --add-opens=java.desktop/javax.swing.plaf.synth=ALL-UNNAMED --add-opens=java.desktop/com.sun.awt=ALL-UNNAMED -XX:NewSize=60m -XX:MaxNewSize=60m -Xms128m -Xmx3072m -Xss5m 
java_command: <unknown>
java_class_path (initial): C:/Xilinx/Vivado/2018.3\lib\classes\alloy.jar;C:/Xilinx/Vivado/2018.3\lib\classes\autopilot.scelaborator.jar;C:/Xilinx/Vivado/2018.3\lib\classes\autopilot.sourceprocessor.jar;C:/Xilinx/Vivado/2018.3\lib\classes\autopilot.tbprocessor.jar;C:/Xilinx/Vivado/2018.3\lib\classes\batik-anim.jar;C:/Xilinx/Vivado/2018.3\lib\classes\batik-awt-util.jar;C:/Xilinx/Vivado/2018.3\lib\classes\batik-bridge.jar;C:/Xilinx/Vivado/2018.3\lib\classes\batik-codec.jar;C:/Xilinx/Vivado/2018.3\lib\classes\batik-css.jar;C:/Xilinx/Vivado/2018.3\lib\classes\batik-dom.jar;C:/Xilinx/Vivado/2018.3\lib\classes\batik-ext.jar;C:/Xilinx/Vivado/2018.3\lib\classes\batik-gui-util.jar;C:/Xilinx/Vivado/2018.3\lib\classes\batik-gvt.jar;C:/Xilinx/Vivado/2018.3\lib\classes\batik-parser.jar;C:/Xilinx/Vivado/2018.3\lib\classes\batik-script.jar;C:/Xilinx/Vivado/2018.3\lib\classes\batik-svg-dom.jar;C:/Xilinx/Vivado/2018.3\lib\classes\batik-swing.jar;C:/Xilinx/Vivado/2018.3\lib\classes\batik-transcoder.jar;C:/Xilinx/Vivado/2018.3\lib\classes\batik-util.jar;C:/Xilinx/Vivado/2018.3\lib\classes\batik-xml.jar;C:/Xilinx/Vivado/2018.3\lib\classes\com.ibm.icu_4.4.2.v20110208.jar;C:/Xilinx/Vivado/2018.3\lib\classes\commons-collections4-4.1.jar;C:/Xilinx/Vivado/2018.3\lib\classes\commons-math-2.2.jar;C:/Xilinx/Vivado/2018.3\lib\classes\dom4j-1.6.1.jar;C:/Xilinx/Vivado/2018.3\lib\classes\guava-18.0.jar;C:/Xilinx/Vivado/2018.3\lib\classes\help.jar;C:/Xilinx/Vivado/2018.3\lib\classes\hsqldb.jar;C:/Xilinx/Vivado/2018.3\lib\classes\jargs.jar;C:/Xilinx/Vivado/2018.3\lib\classes\jaxb-api-2.3.0.jar;C:/Xilinx/Vivado/2018.3\lib\classes\jh.jar;C:/Xilinx/Vivado/2018.3\lib\classes\jide-action.jar;C:/Xilinx/Vivado/2018.3\lib\classes\jide-charts.jar;C:/Xilinx/Vivado/2018.3\lib\classes\jide-common.jar;C:/Xilinx/Vivado/2018.3\lib\classes\jide-components.jar;C:/Xilinx/Vivado/2018.3\lib\classes\jide-dashboard.jar;C:/Xilinx/Vivado/2018.3\lib\classes\jide-data.jar;C:/Xilinx/Vivado/2018.3\lib\classes\jide-dialogs.jar
Launcher Type: generic

Logging:
Log output configuration:
#0: stdout all=warning uptime,level,tags
#1: stderr all=off uptime,level,tags

Environment Variables:
PATH=C:/Xilinx/Vivado/2018.3/bin;C:/Xilinx/Vivado/2018.3/lib/win64.o;C:/Xilinx/Vivado/2018.3/tps/win64/jre9.0.4/bin/server;C:/Xilinx/Vivado/2018.3/tps/win64/jre9.0.4/bin;C:/Xilinx/SDK/2018.3/bin;C:/Xilinx/Vivado/2018.3/ids_lite/ISE/bin/nt64;C:/Xilinx/Vivado/2018.3/ids_lite/ISE/lib/nt64;C:\Windows\system32;C:\Windows;C:\Windows\System32\Wbem;C:\Windows\System32\WindowsPowerShell\v1.0\;C:\Windows\System32\OpenSSH\;C:\Users\Administrator\AppData\Local\Microsoft\WindowsApps;;C:/Xilinx/Vivado/2018.3\tps\mingw\6.2.0\win64.o\nt\bin;C:/Xilinx/Vivado/2018.3\tps\mingw\6.2.0\win64.o\nt\libexec\gcc\x86_64-w64-mingw32\6.2.0
USERNAME=Administrator
OS=Windows_NT
PROCESSOR_IDENTIFIER=Intel64 Family 6 Model 158 Stepping 10, GenuineIntel



---------------  S Y S T E M  ---------------

OS: Windows 10 , 64 bit Build 19041 (10.0.19041.928)

CPU:total 6 (initial active 6) (6 cores per cpu, 1 threads per core) family 6 model 158 stepping 10, cmov, cx8, fxsr, mmx, sse, sse2, sse3, ssse3, sse4.1, sse4.2, popcnt, avx, avx2, aes, clmul, erms, rtm, 3dnowpref, lzcnt, tsc, tscinvbit, bmi1, bmi2, adx, fma

Memory: 4k page, physical 8268424k(4854092k free), swap 16657032k(10357708k free)

vm_info: Java HotSpot(TM) 64-Bit Server VM (9.0.4+11) for windows-amd64 JRE (9.0.4+11), built on Dec 20 2017 02:18:54 by "mach5one" with MS VC++ 12.0 (VS2013)

END.
